link_id,road_name,seongnam_position,od_count,route_candidate_count,affected_user_weight,candidate_user_exposure,link_length_m,candidate_cumulative_distance_m,ai_supported,ai_status
2060181601,대왕판교로,internal,50,77,1274,1979,5.68,437.36,False,unsupported
2060181307,판교로,internal,39,67,945,1595,22.49,1506.83,False,unsupported
2040057702,대왕판교로,internal,36,56,896,1389,337.25,18886.0,False,unsupported
2040057701,대왕판교로,internal,36,56,896,1389,16.24,909.44,False,unsupported
2060359100,판교로,internal,36,62,890,1520,305.39,18934.18,False,unsupported
2060274800,경부고속도로,internal,34,45,874,1160,130.76,5884.2,False,unsupported
2060272900,경부고속도로,internal,34,45,874,1160,858.04,38611.8,False,unsupported
2060181302,판교로,internal,35,61,846,1452,267.2,16299.2,False,unsupported
2060359700,판교로,internal,34,60,844,1477,271.22,16273.2,False,unsupported
2060359501,판교로,internal,34,57,844,1404,10.81,616.17,False,unsupported
2060200900,서현로,internal,31,41,793,1057,150.94,6188.54,False,unsupported
2060181003,대왕판교로,internal,31,47,770,1168,12.04,565.88,False,unsupported
2060359701,판교로,internal,29,55,720,1353,22.78,1252.9,False,unsupported
2060181701,대왕판교로,internal,29,45,708,1104,13.41,603.45,False,unsupported
2040000402,대왕판교로,internal,27,45,661,1110,428.5,19282.5,False,unsupported
2040000401,대왕판교로,internal,27,45,661,1110,55.26,2486.7,False,unsupported
2060197100,판교로256번길,internal,26,58,621,1367,74.57,4325.06,False,unsupported
2060181101,대왕판교로,internal,24,33,598,830,8.18,269.94,False,unsupported
2060181305,판교로,internal,25,45,596,1057,12.91,580.95,False,unsupported
2060200101,판교로256번길,internal,24,54,574,1278,12.02,649.08,False,unsupported
2060208000,판교로,internal,23,56,548,1325,198.72,11128.32,False,unsupported
2060181304,판교로,internal,23,42,545,984,274.97,11548.74,False,unsupported
2060182106,대왕판교로644번길,internal,22,44,539,1095,158.66,6981.04,False,unsupported
2060185301,대왕판교로,internal,21,36,532,922,30.34,1092.24,False,unsupported
2060186501,대왕판교로,internal,21,36,532,922,12.8,460.8,False,unsupported
2060135701,분당수서로,internal,21,41,512,989,12.12,496.92,False,unsupported
2060208001,판교로,internal,21,53,499,1253,25.66,1359.98,False,unsupported
2040412801,분당내곡간도시고속화도로,internal,20,33,486,808,15.49,511.17,False,unsupported
2040008900,분당내곡간도시고속화도로,internal,19,39,473,978,771.19,30076.41,False,unsupported
2040008903,분당내곡간도시고속화도로,internal,19,39,473,978,771.19,30076.41,False,unsupported
2040008902,분당내곡간도시고속화도로,internal,19,39,473,978,180.72,7048.08,False,unsupported
2040008901,분당내곡간도시고속화도로,internal,19,39,473,978,699.56,27282.84,False,unsupported
2040010300,분당내곡간도시고속화도로,internal,19,39,473,978,501.32,19551.48,False,unsupported
2050008101,분당수서로,internal,19,40,463,965,59.64,2385.6,False,unsupported
2050008102,분당수서로,internal,19,40,463,965,835.54,33421.6,False,unsupported
2050008103,분당수서로,internal,19,40,463,965,49.58,1983.2,False,unsupported
2050008104,분당수서로,internal,19,40,463,965,112.12,4484.8,False,unsupported
2060141601,분당수서로,internal,19,38,463,914,12.0,456.0,False,unsupported
2040389501,경부고속도로,internal,18,29,456,742,600.86,17424.94,False,unsupported
2040388701,경부고속도로,internal,18,29,456,742,514.94,14933.26,False,unsupported
2040412002,경부고속도로,internal,18,29,456,742,614.4,17817.6,False,unsupported
2040412004,경부고속도로,internal,18,29,456,742,53.91,1563.39,False,unsupported
2040412003,경부고속도로,internal,18,29,456,742,239.67,6950.43,False,unsupported
2060181303,판교로,internal,19,33,451,771,111.35,3674.55,False,unsupported
2060181306,판교로,internal,19,32,451,749,12.0,384.0,False,unsupported
2060333900,대왕판교로645번길,internal,18,41,429,966,218.37,8953.17,False,unsupported
2060200100,판교로256번길,internal,18,41,429,966,149.26,6119.66,False,unsupported
2060182000,분당내곡로,internal,16,21,412,562,365.52,7675.92,False,unsupported
2060004304,대왕판교로,internal,16,23,406,581,255.61,5879.03,False,unsupported
2060201401,대왕판교로,internal,16,22,406,558,15.85,348.7,False,unsupported
2060194802,대왕판교로645번길,internal,16,27,405,697,224.15,6052.05,False,unsupported
2060179701,대왕판교로,internal,16,23,404,577,306.0,7038.0,False,unsupported
2060359300,분당내곡로,internal,16,29,394,706,338.69,9822.01,False,unsupported
2040410200,분당내곡간도시고속화도로,internal,16,29,394,706,675.86,19599.94,False,unsupported
2040410800,분당내곡간도시고속화도로,internal,16,29,394,706,642.02,18618.58,False,unsupported
2040411600,분당내곡간도시고속화도로,internal,16,29,394,706,344.51,9990.79,False,unsupported
2060181804,판교로,internal,15,26,385,655,116.16,3020.16,False,unsupported
2060001511,대왕판교로,internal,15,20,384,505,12.19,243.8,False,unsupported
2060001513,대왕판교로,internal,15,20,384,505,358.81,7176.2,False,unsupported
2060001508,대왕판교로,internal,15,20,384,505,12.0,240.0,False,unsupported
2060001509,대왕판교로,internal,15,20,384,505,12.0,240.0,False,unsupported
2060001512,대왕판교로,internal,15,20,384,505,361.33,7226.6,False,unsupported
2060001510,대왕판교로,internal,15,20,384,505,12.01,240.2,False,unsupported
2060001515,대왕판교로,internal,15,20,384,505,370.45,7409.0,False,unsupported
2060001514,대왕판교로,internal,15,20,384,505,371.26,7425.2,False,unsupported
2060000702,대왕판교로,internal,15,20,384,505,345.44,6908.8,False,unsupported
2060000701,대왕판교로,internal,15,20,384,505,13.5,270.0,False,unsupported
2060324800,대왕판교로,internal,15,20,384,505,375.59,7511.8,False,unsupported
2060324801,대왕판교로,internal,15,20,384,505,368.16,7363.2,False,unsupported
2040412600,분당내곡간도시고속화도로,internal,15,28,371,683,856.35,23977.8,False,unsupported
2060182001,분당내곡로,internal,15,26,371,637,12.96,336.96,False,unsupported
2060194803,대왕판교로645번길,internal,14,24,361,630,12.05,289.2,False,unsupported
2060197600,판교역로,internal,14,23,352,578,225.17,5178.91,False,unsupported
2060197601,판교역로,internal,14,23,352,578,6.87,158.01,False,unsupported
2060194200,판교역로,internal,14,22,352,555,161.98,3563.56,False,unsupported
2060197700,대왕판교로606번길,internal,13,19,352,504,221.9,4216.1,False,unsupported
2040414201,분당수서로,internal,14,27,344,659,507.87,13712.49,False,unsupported
2040017501,분당수서로,internal,14,27,344,659,737.55,19913.85,False,unsupported
2040017502,분당수서로,internal,14,27,344,659,737.55,19913.85,False,unsupported
2060182107,대왕판교로644번길,internal,14,21,342,525,25.36,532.56,False,unsupported
2060201200,판교로,internal,14,28,341,677,464.37,13002.36,False,unsupported
2060201201,판교로,internal,14,28,341,677,12.0,336.0,False,unsupported
2060207903,판교로,internal,14,28,341,677,113.51,3178.28,False,unsupported
2060207908,판교로,internal,14,28,341,677,59.21,1657.88,False,unsupported
2060207907,판교로,internal,14,28,341,677,12.0,336.0,False,unsupported
2060207904,판교로,internal,14,28,341,677,31.45,880.6,False,unsupported
2060207906,판교로,internal,14,28,341,677,12.0,336.0,False,unsupported
2060207902,판교로,internal,14,28,341,677,82.0,2296.0,False,unsupported
2060207905,판교로,internal,14,28,341,677,7.33,205.24,False,unsupported
2060180403,판교로,internal,14,28,341,677,197.97,5543.16,False,unsupported
2060180405,판교로,internal,14,28,341,677,12.01,336.28,False,unsupported
2060180402,판교로,internal,14,28,341,677,345.57,9675.96,False,unsupported
2060180408,판교로,internal,14,28,341,677,349.75,9793.0,False,unsupported
2060180407,판교로,internal,14,28,341,677,348.04,9745.12,False,unsupported
2060180404,판교로,internal,14,28,341,677,12.03,336.84,False,unsupported
2060180401,판교로,internal,14,28,341,677,113.68,3183.04,False,unsupported
2040000610,대왕판교로,internal,14,22,335,513,12.0,264.0,False,unsupported
2040000612,대왕판교로,internal,14,22,335,513,28.15,619.3,False,unsupported
2040000611,대왕판교로,internal,14,22,335,513,113.66,2500.52,False,unsupported
2040000607,대왕판교로,internal,14,22,335,513,12.08,265.76,False,unsupported
2040000608,대왕판교로,internal,14,22,335,513,12.03,264.66,False,unsupported
2040000609,대왕판교로,internal,14,22,335,513,13.17,289.74,False,unsupported
2040009301,대왕판교로,internal,14,22,335,513,367.37,8082.14,False,unsupported
2040011315,대왕판교로,internal,14,22,335,513,328.9,7235.8,False,unsupported
2040011316,대왕판교로,internal,14,22,335,513,323.38,7114.36,False,unsupported
2040011309,대왕판교로,internal,14,22,335,513,13.18,289.96,False,unsupported
2040011314,대왕판교로,internal,14,22,335,513,309.14,6801.08,False,unsupported
2040011311,대왕판교로,internal,14,22,335,513,13.72,301.84,False,unsupported
2040011310,대왕판교로,internal,14,22,335,513,12.0,264.0,False,unsupported
2040011313,대왕판교로,internal,14,22,335,513,275.33,6057.26,False,unsupported
2040011312,대왕판교로,internal,14,22,335,513,12.05,265.1,False,unsupported
2060181803,판교로,internal,13,19,335,485,275.32,5231.08,False,unsupported
2060181806,판교로,internal,13,19,335,485,12.01,228.19,False,unsupported
2060207106,판교역로,internal,13,18,326,456,7.46,134.28,False,unsupported
2060181807,판교로,internal,13,24,323,591,26.31,631.44,False,unsupported
2060197701,대왕판교로606번길,internal,12,17,322,452,21.28,361.76,False,unsupported
2060001204,경부고속도로,internal,12,13,314,345,77.16,1003.08,False,unsupported
2060001205,경부고속도로,internal,12,13,314,345,704.61,9159.93,False,unsupported
2060001203,경부고속도로,internal,12,13,314,345,45.75,594.75,False,unsupported
2060001202,경부고속도로,internal,12,13,314,345,917.7,11930.1,False,unsupported
2060001206,경부고속도로,internal,12,13,314,345,917.46,11926.98,False,unsupported
2060358405,경부고속도로,internal,12,13,314,345,797.24,10364.12,False,unsupported
2060358402,경부고속도로,internal,12,13,314,345,47.16,613.08,False,unsupported
2060358401,경부고속도로,internal,12,13,314,345,697.36,9065.68,False,unsupported
2060358403,경부고속도로,internal,12,13,314,345,52.71,685.23,False,unsupported
2060358404,경부고속도로,internal,12,13,314,345,401.59,5220.67,False,unsupported
2060194501,분당내곡로,internal,12,16,308,425,7.28,116.48,False,unsupported
2060182203,대왕판교로644번길,internal,12,19,293,458,189.39,3598.41,False,unsupported
2060182204,대왕판교로644번길,internal,12,19,293,458,83.97,1595.43,False,unsupported
2060182208,대왕판교로644번길,internal,12,18,293,436,22.42,403.56,False,unsupported
2060208101,판교로,internal,12,22,292,530,6.95,152.9,False,unsupported
2060360700,수도권제1순환고속도로,internal,11,11,285,285,772.53,8497.83,False,unsupported
2040410400,수도권제1순환고속도로,internal,11,11,285,285,736.11,8097.21,False,unsupported
2040410401,수도권제1순환고속도로,internal,11,11,285,285,735.0,8085.0,False,unsupported
2050210800,수도권제1순환고속도로,internal,11,11,285,285,24.69,271.59,False,unsupported
2050210803,수도권제1순환고속도로,internal,11,11,285,285,200.69,2207.59,False,unsupported
2050210804,수도권제1순환고속도로,internal,11,11,285,285,710.4,7814.4,False,unsupported
2050210802,수도권제1순환고속도로,internal,11,11,285,285,75.37,829.07,False,unsupported
2050210801,수도권제1순환고속도로,internal,11,11,285,285,411.61,4527.71,False,unsupported
2040389604,달래내로,internal,11,11,279,279,12.0,132.0,False,unsupported
2040389601,달래내로,internal,11,11,279,279,216.92,2386.12,False,unsupported
2040389607,달래내로,internal,11,11,279,279,97.51,1072.61,False,unsupported
2040389609,달래내로,internal,11,11,279,279,32.57,358.27,False,unsupported
2040389606,달래내로,internal,11,11,279,279,57.38,631.18,False,unsupported
2040389608,달래내로,internal,11,11,279,279,45.74,503.14,False,unsupported
2040389605,달래내로,internal,11,11,279,279,12.33,135.63,False,unsupported
2040389602,달래내로,internal,11,11,279,279,85.42,939.62,False,unsupported
2040389603,달래내로,internal,11,11,279,279,13.85,152.35,False,unsupported
2040389000,달래내로,internal,11,11,279,279,78.7,865.7,False,unsupported
2040389001,달래내로,internal,11,11,279,279,15.88,174.68,False,unsupported
2040006600,달래내로,internal,11,11,279,279,175.77,1933.47,False,unsupported
2040426801,달래내로,internal,11,11,279,279,124.87,1373.57,False,unsupported
2040426802,달래내로,internal,11,11,279,279,11.34,124.74,False,unsupported
2040426601,달래내로,internal,11,11,279,279,119.58,1315.38,False,unsupported
2040426602,달래내로,internal,11,11,279,279,9.85,108.35,False,unsupported
2040007300,달래내로,internal,11,11,279,279,301.32,3314.52,False,unsupported
2040007303,달래내로,internal,11,11,279,279,301.99,3321.89,False,unsupported
2040007301,달래내로,internal,11,11,279,279,25.66,282.26,False,unsupported
2040008001,달래내로,internal,11,11,279,279,466.87,5135.57,False,unsupported
2040008020,달래내로,internal,11,11,279,279,466.87,5135.57,False,unsupported
2040008009,달래내로,internal,11,11,279,279,481.85,5300.35,False,unsupported
2040008005,달래내로,internal,11,11,279,279,327.81,3605.91,False,unsupported
2040008019,달래내로,internal,11,11,279,279,327.81,3605.91,False,unsupported
2040008003,달래내로,internal,11,11,279,279,13.8,151.8,False,unsupported
2040008002,달래내로,internal,11,11,279,279,137.21,1509.31,False,unsupported
2040008008,달래내로,internal,11,11,279,279,79.11,870.21,False,unsupported
2040008007,달래내로,internal,11,11,279,279,163.62,1799.82,False,unsupported
2040008004,달래내로,internal,11,11,279,279,12.0,132.0,False,unsupported
2040001301,청계산로,internal,11,11,279,279,10.12,111.32,False,unsupported
2040001100,청계산로,internal,11,11,279,279,41.77,459.47,False,unsupported
1210032000,청계산로,internal,11,11,279,279,260.37,2864.07,False,unsupported
2060195200,분당내곡로,internal,11,14,275,353,213.35,2986.9,False,unsupported
2060206000,안양판교로,internal,11,20,272,492,482.19,9643.8,False,unsupported
2060206002,안양판교로,internal,11,20,272,492,72.78,1455.6,False,unsupported
2060206001,안양판교로,internal,11,20,272,492,175.72,3514.4,False,unsupported
2060180406,판교로,internal,11,19,272,470,15.35,291.65,False,unsupported
2060198900,판교로,internal,11,19,272,470,124.56,2366.64,False,unsupported
2060198902,판교로,internal,11,19,272,470,64.68,1228.92,False,unsupported
2060198901,판교로,internal,11,19,272,470,12.02,228.38,False,unsupported
2060207600,판교로,internal,11,19,272,470,188.65,3584.35,False,unsupported
2060207104,판교역로,internal,11,14,262,336,112.73,1578.22,False,unsupported
2060141300,판교로,internal,10,14,257,364,200.32,2804.48,False,unsupported
2060141301,판교로,internal,10,14,257,364,12.0,168.0,False,unsupported
2060140700,판교로,internal,10,14,257,364,164.6,2304.4,False,unsupported
2060140701,판교로,internal,10,14,257,364,12.0,168.0,False,unsupported
2060140300,판교로,internal,10,14,257,364,150.24,2103.36,False,unsupported
2060140301,판교로,internal,10,14,257,364,12.0,168.0,False,unsupported
2060139400,야탑남로,internal,10,14,257,364,130.46,1826.44,False,unsupported
2060139401,야탑남로,internal,10,14,257,364,12.02,168.28,False,unsupported
2060139200,야탑남로,internal,10,14,257,364,124.77,1746.78,False,unsupported
2060139201,야탑남로,internal,10,14,257,364,24.34,340.76,False,unsupported
2060348000,판교로319번길,internal,10,14,249,344,73.77,1032.78,False,unsupported
2060195300,분당내곡로,internal,10,12,248,299,264.59,3175.08,False,unsupported
2060195301,분당내곡로,internal,10,12,248,299,8.56,102.72,False,unsupported
2060350600,판교역로242번길,internal,9,19,229,479,182.97,3476.43,False,unsupported
2060207002,판교역로,internal,9,15,229,376,74.58,1118.7,False,unsupported
2040413400,여수대로,internal,9,13,227,325,264.85,3443.05,False,unsupported
2040413401,여수대로,internal,9,13,227,325,12.03,156.39,False,unsupported
2040413600,여수대로,internal,9,13,227,325,280.81,3650.53,False,unsupported
2040413601,여수대로,internal,9,13,227,325,13.43,174.59,False,unsupported
2040413300,여수대로,internal,9,13,227,325,287.7,3740.1,False,unsupported
2040413301,여수대로,internal,9,13,227,325,288.4,3749.2,False,unsupported
2050006402,수도권제1순환고속도로,internal,9,9,227,227,273.14,2458.26,False,unsupported
2050006405,수도권제1순환고속도로,internal,9,9,227,227,90.13,811.17,False,unsupported
2050006404,수도권제1순환고속도로,internal,9,9,227,227,49.92,449.28,False,unsupported
2050006403,수도권제1순환고속도로,internal,9,9,227,227,175.17,1576.53,False,unsupported
2040003701,수도권제1순환고속도로,internal,9,9,227,227,431.41,3882.69,False,unsupported
2040003703,수도권제1순환고속도로,internal,9,9,227,227,93.01,837.09,False,unsupported
2040003702,수도권제1순환고속도로,internal,9,9,227,227,502.12,4519.08,False,unsupported
2040003708,수도권제1순환고속도로,internal,9,9,227,227,502.12,4519.08,False,unsupported
2040003704,수도권제1순환고속도로,internal,9,9,227,227,39.89,359.01,False,unsupported
2040003705,수도권제1순환고속도로,internal,9,9,227,227,751.97,6767.73,False,unsupported
2040003709,수도권제1순환고속도로,internal,9,9,227,227,751.97,6767.73,False,unsupported
2040003710,수도권제1순환고속도로,internal,9,9,227,227,751.97,6767.73,False,unsupported
2040003706,수도권제1순환고속도로,internal,9,9,227,227,117.81,1060.29,False,unsupported
2060205700,안양판교로,internal,9,15,226,376,247.33,3709.95,False,unsupported
2060205500,안양판교로,internal,9,15,226,376,287.04,4305.6,False,unsupported
2060177800,용인서울고속도로,internal,9,15,226,376,293.34,4400.1,False,unsupported
2060178800,용인서울고속도로,internal,9,15,226,376,253.32,3799.8,False,unsupported
2060178400,용인서울고속도로,internal,9,15,226,376,846.88,12703.2,False,unsupported
2060178401,용인서울고속도로,internal,9,15,226,376,846.88,12703.2,False,unsupported
2060178600,용인서울고속도로,internal,9,15,226,376,230.14,3452.1,False,unsupported
2060178100,용인서울고속도로,internal,9,15,226,376,388.81,5832.15,False,unsupported
2060177100,용인서울고속도로,internal,9,15,226,376,479.83,7197.45,False,unsupported
2060195602,판교역로,internal,8,23,222,639,62.89,1446.47,False,unsupported
2060195603,판교역로,internal,8,23,222,639,128.97,2966.31,False,unsupported
2060195601,판교역로,internal,8,17,222,464,8.23,139.91,False,unsupported
2060208100,판교로,internal,9,17,219,410,193.38,3287.46,False,unsupported
2060359400,분당내곡로,internal,9,17,215,402,325.71,5537.07,False,unsupported
2060207103,판교역로,internal,9,12,215,294,152.61,1831.32,False,unsupported
2050056200,성남이천로,internal,8,19,208,478,274.48,5215.12,False,unsupported
2050056203,성남이천로,internal,8,19,208,478,275.25,5229.75,False,unsupported
2050056201,성남이천로,internal,8,19,208,478,274.24,5210.56,False,unsupported
2050056202,성남이천로,internal,8,19,208,478,275.49,5234.31,False,unsupported
2050210700,성남이천로,internal,8,19,208,478,317.46,6031.74,False,unsupported
2050210701,성남이천로,internal,8,19,208,478,317.46,6031.74,False,unsupported
2340607700,성남이천로,internal,8,19,208,478,293.98,5585.62,False,unsupported
2060350401,판교역로226번길,internal,8,15,208,383,12.0,180.0,False,unsupported
2060351200,-,internal,8,15,208,383,114.32,1714.8,False,unsupported
2060182104,대왕판교로644번길,internal,8,15,208,383,48.25,723.75,False,unsupported
2060182111,대왕판교로644번길,internal,8,15,208,383,129.83,1947.45,False,unsupported
2060182110,대왕판교로644번길,internal,8,15,208,383,12.9,193.5,False,unsupported
2040413501,여수대로,internal,8,11,208,295,22.09,242.99,False,unsupported
2040008300,분당내곡간도시고속화도로,internal,8,11,208,295,428.49,4713.39,False,unsupported
2060139900,야탑남로,internal,8,10,208,267,271.2,2712.0,False,unsupported
2060139902,야탑남로,internal,8,10,208,267,239.32,2393.2,False,unsupported
2060139901,야탑남로,internal,8,10,208,267,12.21,122.1,False,unsupported
2060146100,야탑남로,internal,8,10,208,267,44.17,441.7,False,unsupported
2060146104,야탑남로,internal,8,10,208,267,113.27,1132.7,False,unsupported
2060146103,야탑남로,internal,8,10,208,267,92.46,924.6,False,unsupported
2060146102,야탑남로,internal,8,10,208,267,96.21,962.1,False,unsupported
2060146101,야탑남로,internal,8,10,208,267,11.99,119.9,False,unsupported
2060162501,돌마로,internal,8,10,208,267,12.02,120.2,False,unsupported
2060168200,돌마로,internal,8,10,208,267,79.78,797.8,False,unsupported
2060170700,돌마로,internal,8,10,208,267,46.77,467.7,False,unsupported
2060364901,희망로,internal,8,10,208,267,122.44,1224.4,False,unsupported
2050215501,희망로,internal,8,10,208,267,413.42,4134.2,False,unsupported
2050215502,희망로,internal,8,10,208,267,401.28,4012.8,False,unsupported
2050216101,희망로,internal,8,10,208,267,189.8,1898.0,False,unsupported
2060147901,벌말로,internal,8,8,208,208,12.0,96.0,False,unsupported
2060147900,벌말로,internal,8,8,208,208,33.32,266.56,False,unsupported
2060149000,벌말로,internal,8,8,208,208,59.88,479.04,False,unsupported
2060149001,벌말로,internal,8,8,208,208,12.98,103.84,False,unsupported
2060151500,벌말로,internal,8,8,208,208,75.69,605.52,False,unsupported
2060151501,벌말로,internal,8,8,208,208,12.02,96.16,False,unsupported
2060153900,벌말로,internal,8,8,208,208,113.47,907.76,False,unsupported
2060153901,벌말로,internal,8,8,208,208,12.01,96.08,False,unsupported
2060158700,벌말로,internal,8,8,208,208,175.96,1407.68,False,unsupported
2060158701,벌말로,internal,8,8,208,208,12.01,96.08,False,unsupported
2060164100,벌말로,internal,8,8,208,208,76.81,614.48,False,unsupported
2060168500,장미로,internal,8,8,208,208,323.43,2587.44,False,unsupported
2060168501,장미로,internal,8,8,208,208,12.01,96.08,False,unsupported
2060168100,장미로,internal,8,8,208,208,113.2,905.6,False,unsupported
2060168101,장미로,internal,8,8,208,208,12.0,96.0,False,unsupported
2050056500,성남이천로,internal,8,8,208,208,327.94,2623.52,False,unsupported
2050056501,성남이천로,internal,8,8,208,208,327.94,2623.52,False,unsupported
2060179904,대왕판교로,internal,8,9,207,233,13.77,123.93,False,unsupported
2060061301,분당수서로,internal,8,8,205,205,12.76,102.08,False,unsupported
2060055303,분당수서로,internal,8,8,205,205,12.04,96.32,False,unsupported
2060038201,분당수서로,internal,8,8,205,205,530.64,4245.12,False,unsupported
2060038101,분당수서로,internal,8,8,205,205,11.97,95.76,False,unsupported
2060037101,분당수서로,internal,8,8,205,205,11.76,94.08,False,unsupported
2060033601,분당수서로,internal,8,8,205,205,12.0,96.0,False,unsupported
2060024401,분당수서로,internal,8,8,205,205,546.84,4374.72,False,unsupported
2060332600,-,internal,8,13,202,327,165.25,2148.25,False,unsupported
2060332601,-,internal,8,13,202,327,10.83,140.79,False,unsupported
2040341500,여수대로,internal,8,12,202,300,407.86,4894.32,False,unsupported
2050008804,여수대로,internal,8,12,202,300,262.55,3150.6,False,unsupported
2050008806,여수대로,internal,8,12,202,300,262.09,3145.08,False,unsupported
2060195201,분당내곡로,internal,8,10,201,250,16.92,169.2,False,unsupported
2050003900,수도권제1순환고속도로,internal,8,8,198,198,459.54,3676.32,False,unsupported
2060207105,판교역로,internal,8,10,192,244,12.0,120.0,False,unsupported
2060182105,대왕판교로644번길,internal,8,11,190,263,93.62,1029.82,False,unsupported
2060182108,대왕판교로644번길,internal,8,11,190,263,12.0,132.0,False,unsupported
2060182205,대왕판교로644번길,internal,8,16,188,380,167.95,2687.2,False,unsupported
2060182206,대왕판교로644번길,internal,8,16,188,380,93.75,1500.0,False,unsupported
2060193602,분당내곡로,internal,8,9,185,207,98.53,886.77,False,unsupported
2060193604,분당내곡로,internal,8,9,185,207,8.23,74.07,False,unsupported
2060194001,대왕판교로606번길,internal,7,10,183,265,58.08,580.8,False,unsupported
2060194002,대왕판교로606번길,internal,7,10,183,265,214.23,2142.3,False,unsupported
2060348001,판교로319번길,internal,7,9,176,227,12.0,108.0,False,unsupported
2060332300,대왕판교로712번길,internal,7,19,171,460,146.61,2785.59,False,unsupported
2060194201,판교역로,internal,7,14,168,339,8.22,115.08,False,unsupported
2060193803,대왕판교로606번길,internal,6,11,168,288,13.57,149.27,False,unsupported
2060182210,대왕판교로644번길,internal,7,11,162,258,13.47,148.17,False,unsupported
2060194600,분당내곡로,internal,7,9,162,206,161.54,1453.86,False,unsupported
2060194601,분당내곡로,internal,7,9,162,206,7.15,64.35,False,unsupported
2060193601,분당내곡로,internal,7,8,162,184,116.61,932.88,False,unsupported
2060193603,분당내곡로,internal,7,8,162,184,12.0,96.0,False,unsupported
2060181805,판교로,internal,6,7,154,180,12.0,84.0,False,unsupported
2060350500,판교역로226번길,internal,6,10,153,251,161.41,1614.1,False,unsupported
2060350800,대왕판교로712번길,internal,6,11,152,273,45.1,496.1,False,unsupported
2060071901,분당수서로,internal,6,6,151,151,760.1,4560.6,False,unsupported
2060192400,분당내곡로,internal,6,8,150,199,407.35,3258.8,False,unsupported
2060192401,분당내곡로,internal,6,8,150,199,6.98,55.84,False,unsupported
2060200201,분당내곡로,internal,6,8,150,199,162.45,1299.6,False,unsupported
2060200203,분당내곡로,internal,6,8,150,199,14.16,113.28,False,unsupported
2060366201,분당수서로,internal,6,8,150,199,153.08,1224.64,False,unsupported
2060366101,분당수서로,internal,6,8,150,199,281.46,2251.68,False,unsupported
2060366001,분당수서로,internal,6,8,150,199,163.77,1310.16,False,unsupported
2060097501,분당수서로,internal,6,7,150,172,12.0,84.0,False,unsupported
2060097701,백현로,internal,6,7,150,172,20.84,145.88,False,unsupported
2060093200,백현로,internal,6,7,150,172,163.35,1143.45,False,unsupported
2050192700,성남이천로,internal,6,11,149,270,474.03,5214.33,False,unsupported
2050192701,성남이천로,internal,6,11,149,270,474.03,5214.33,False,unsupported
2050192800,성남이천로,internal,6,11,149,270,422.07,4642.77,False,unsupported
2050192802,성남이천로,internal,6,11,149,270,420.42,4624.62,False,unsupported
2050192801,성남이천로,internal,6,11,149,270,422.12,4643.32,False,unsupported
2050059100,성남이천로,internal,6,11,149,270,109.25,1201.75,False,unsupported
2050059300,성남이천로,internal,6,11,149,270,276.83,3045.13,False,unsupported
2050059500,성남이천로,internal,6,11,149,270,389.9,4288.9,False,unsupported
2050192300,성남이천로,internal,6,10,149,247,289.02,2890.2,False,unsupported
2050192301,성남이천로,internal,6,10,149,247,290.79,2907.9,False,unsupported
2060204800,판교로,internal,6,13,145,312,214.73,2791.49,False,unsupported
2060204801,판교로,internal,6,13,145,312,7.07,91.91,False,unsupported
2060207107,판교역로,internal,6,7,145,172,12.0,84.0,False,unsupported
2060359401,분당내곡로,internal,6,13,143,304,12.78,166.14,False,unsupported
2060181900,분당내곡로,internal,6,8,140,184,365.9,2927.2,False,unsupported
2060181901,분당내곡로,internal,6,8,140,184,7.36,58.88,False,unsupported
2060011200,수도권제1순환고속도로,internal,5,5,133,133,608.12,3040.6,False,unsupported
2060011204,수도권제1순환고속도로,internal,5,5,133,133,64.74,323.7,False,unsupported
2060011203,수도권제1순환고속도로,internal,5,5,133,133,164.11,820.55,False,unsupported
2060011202,수도권제1순환고속도로,internal,5,5,133,133,379.8,1899.0,False,unsupported
2040410100,수도권제1순환고속도로,internal,5,5,133,133,760.08,3800.4,False,unsupported
2040410101,수도권제1순환고속도로,internal,5,5,133,133,746.7,3733.5,False,unsupported
2060358600,수도권제1순환고속도로,internal,5,5,133,133,840.92,4204.6,False,unsupported
2060358602,수도권제1순환고속도로,internal,5,5,133,133,856.22,4281.1,False,unsupported
2060358603,수도권제1순환고속도로,internal,5,5,133,133,856.22,4281.1,False,unsupported
2060358601,수도권제1순환고속도로,internal,5,5,133,133,851.69,4258.45,False,unsupported
2060194303,판교역로,internal,5,11,128,276,62.89,691.79,False,unsupported
2060194302,판교역로,internal,5,11,128,276,74.02,814.22,False,unsupported
2060194301,판교역로,internal,5,11,128,276,8.44,92.84,False,unsupported
2060083000,황새울로,internal,5,5,128,128,394.42,1972.1,False,unsupported
2060080600,성남대로,internal,5,5,128,128,192.57,962.85,False,unsupported
2060080601,성남대로,internal,5,5,128,128,14.48,72.4,False,unsupported
2060062402,성남대로,internal,5,5,128,128,12.0,60.0,False,unsupported
2060062400,성남대로,internal,5,5,128,128,419.63,2098.15,False,unsupported
2060062401,성남대로,internal,5,5,128,128,12.0,60.0,False,unsupported
2060056800,성남대로,internal,5,5,128,128,191.06,955.3,False,unsupported
2060056801,성남대로,internal,5,5,128,128,12.0,60.0,False,unsupported
2060053800,성남대로,internal,5,5,128,128,103.56,517.8,False,unsupported
2060053801,성남대로,internal,5,5,128,128,12.0,60.0,False,unsupported
2060046200,성남대로,internal,5,5,128,128,230.88,1154.4,False,unsupported
2060046201,성남대로,internal,5,5,128,128,12.0,60.0,False,unsupported
2060041400,성남대로,internal,5,5,128,128,377.36,1886.8,False,unsupported
2060041401,성남대로,internal,5,5,128,128,12.0,60.0,False,unsupported
2060038800,성남대로,internal,5,5,128,128,352.94,1764.7,False,unsupported
2060038801,성남대로,internal,5,5,128,128,12.11,60.55,False,unsupported
2060037200,성남대로,internal,5,5,128,128,341.2,1706.0,False,unsupported
2060037201,성남대로,internal,5,5,128,128,12.01,60.05,False,unsupported
2060035400,성남대로,internal,5,5,128,128,222.13,1110.65,False,unsupported
2060035401,성남대로,internal,5,5,128,128,12.0,60.0,False,unsupported
2060032800,성남대로,internal,5,5,128,128,136.59,682.95,False,unsupported
2060032801,성남대로,internal,5,5,128,128,12.0,60.0,False,unsupported
2060030900,성남대로,internal,5,5,128,128,138.24,691.2,False,unsupported
2060030901,성남대로,internal,5,5,128,128,12.0,60.0,False,unsupported
2060029500,성남대로,internal,5,5,128,128,301.55,1507.75,False,unsupported
2060029501,성남대로,internal,5,5,128,128,12.07,60.35,False,unsupported
2060023900,성남대로,internal,5,5,128,128,240.92,1204.6,False,unsupported
2060023901,성남대로,internal,5,5,128,128,12.0,60.0,False,unsupported
2060021400,성남대로,internal,5,5,128,128,95.42,477.1,False,unsupported
2060021401,성남대로,internal,5,5,128,128,12.0,60.0,False,unsupported
2060019400,성남대로,internal,5,5,128,128,199.31,996.55,False,unsupported
2060019401,성남대로,internal,5,5,128,128,12.01,60.05,False,unsupported
2060018200,성남대로,internal,5,5,128,128,100.16,500.8,False,unsupported
2060018201,성남대로,internal,5,5,128,128,12.0,60.0,False,unsupported
2060014600,성남대로,internal,5,5,128,128,167.23,836.15,False,unsupported
2060014601,성남대로,internal,5,5,128,128,12.03,60.15,False,unsupported
2060184600,성남대로,internal,5,5,128,128,241.37,1206.85,False,unsupported
2060184601,성남대로,internal,5,5,128,128,12.67,63.35,False,unsupported
2060365401,분당수서로,internal,5,5,124,124,158.15,790.75,False,unsupported
2060332301,대왕판교로712번길,internal,5,10,123,240,12.06,120.6,False,unsupported
2060350300,판교로289번길,internal,5,10,123,240,299.66,2996.6,False,unsupported
2060194403,분당내곡로,internal,4,5,120,150,6.96,34.8,False,unsupported
2060194500,분당내곡로,internal,4,5,120,150,161.35,806.75,False,unsupported
2050022900,산성대로,internal,5,14,119,331,192.9,2700.6,False,unsupported
2050016900,분당수서로,internal,5,13,119,306,222.27,2889.51,False,unsupported
2050023600,산성대로,internal,5,13,119,309,262.29,3409.77,False,unsupported
2050023602,산성대로,internal,5,13,119,309,257.89,3352.57,False,unsupported
2050023601,산성대로,internal,5,13,119,309,12.47,162.11,False,unsupported
2050026500,산성대로,internal,5,13,119,309,332.89,4327.57,False,unsupported
2050026501,산성대로,internal,5,13,119,309,24.03,312.39,False,unsupported
2050214201,산성대로,internal,5,13,119,309,461.02,5993.26,False,unsupported
2050214202,산성대로,internal,5,13,119,309,8.78,114.14,False,unsupported
2050214401,산성대로,internal,5,13,119,309,165.93,2157.09,False,unsupported
2060199700,대왕판교로644번길,internal,5,7,117,161,326.7,2286.9,False,unsupported
2060199701,대왕판교로644번길,internal,5,7,117,161,8.9,62.3,False,unsupported
2060199501,동판교로,internal,5,7,117,161,7.08,49.56,False,unsupported
2060358900,동판교로,internal,5,7,117,161,170.54,1193.78,False,unsupported
2060358905,동판교로,internal,5,7,117,161,140.56,983.92,False,unsupported
2060205201,판교역로192번길,internal,4,4,113,113,44.46,177.84,False,unsupported
2060205204,판교역로192번길,internal,4,4,112,112,22.42,89.68,False,unsupported
2060201500,서현로,internal,4,4,103,103,438.58,1754.32,False,unsupported
2060194300,판교역로,internal,4,10,101,249,129.09,1290.9,False,unsupported
2060199801,대왕판교로645번길,internal,4,7,101,182,6.58,46.06,False,unsupported
2060194801,대왕판교로645번길,internal,4,7,101,182,98.02,686.14,False,unsupported
2060348200,판교로319번길,internal,4,4,100,100,270.57,1082.28,False,unsupported
2060348201,판교로319번길,internal,4,4,100,100,12.02,48.08,False,unsupported
2060349600,-,internal,4,11,99,271,91.07,1001.77,False,unsupported
2060173001,성남대로,internal,4,7,98,172,12.14,84.98,False,unsupported
2050211200,성남대로,internal,4,7,98,172,202.0,1414.0,False,unsupported
2060348002,판교로319번길,internal,4,6,98,142,12.72,76.32,False,unsupported
2060351100,판교역로226번길,internal,4,8,97,195,128.85,1030.8,False,unsupported
2060351102,판교역로226번길,internal,4,8,97,195,47.22,377.76,False,unsupported
2060351101,판교역로226번길,internal,4,8,97,195,12.0,96.0,False,unsupported
2060351301,-,internal,4,8,97,195,12.31,98.48,False,unsupported
2060332400,판교로289번길,internal,4,7,97,170,73.1,511.7,False,unsupported
2060358904,동판교로,internal,4,4,95,95,117.8,471.2,False,unsupported
2050214402,산성대로,internal,4,11,93,257,12.0,132.0,False,unsupported
2050031400,산성대로,internal,4,11,93,257,371.86,4090.46,False,unsupported
2050031401,산성대로,internal,4,11,93,257,12.1,133.1,False,unsupported
2040414700,산성대로,internal,4,11,93,257,374.26,4116.86,False,unsupported
2040414702,산성대로,internal,4,11,93,257,374.26,4116.86,False,unsupported
2040414701,산성대로,internal,4,11,93,257,12.0,132.0,False,unsupported
2060194100,판교역로,internal,3,6,90,176,161.92,971.52,False,unsupported
2060205203,판교역로192번길,internal,3,3,90,90,12.03,36.09,False,unsupported
2060205202,판교역로192번길,internal,3,3,90,90,227.11,681.33,False,unsupported
2050000600,경충대로,internal,3,5,87,146,167.54,837.7,False,unsupported
2050001200,경충대로,internal,3,5,87,146,333.33,1666.65,False,unsupported
2050001202,경충대로,internal,3,5,87,146,333.33,1666.65,False,unsupported
2050001201,경충대로,internal,3,5,87,146,14.49,72.45,False,unsupported
2050001600,경충대로,internal,3,5,87,146,414.46,2072.3,False,unsupported
2050001602,경충대로,internal,3,5,87,146,414.04,2070.2,False,unsupported
2050001601,경충대로,internal,3,5,87,146,15.85,79.25,False,unsupported
2050002401,경충대로,internal,3,5,87,146,221.59,1107.95,False,unsupported
2050002201,경충대로,internal,3,5,87,146,241.99,1209.95,False,unsupported
2050001400,경충대로,internal,3,5,87,146,456.06,2280.3,False,unsupported
2050004800,수도권제1순환고속도로,internal,3,3,87,87,250.25,750.75,False,unsupported
2050217201,경충대로,internal,3,3,87,87,239.31,717.93,False,unsupported
2050220701,경춘대로,internal,3,3,87,87,254.29,762.87,False,unsupported
2050220801,경충대로,internal,3,3,87,87,383.59,1150.77,False,unsupported
2050218901,경충대로,internal,3,3,87,87,120.74,362.22,False,unsupported
2050219601,경충대로,internal,3,3,87,87,96.97,290.91,False,unsupported
2050219801,경충대로,internal,3,3,87,87,166.53,499.59,False,unsupported
2050220301,경충대로,internal,3,3,87,87,321.07,963.21,False,unsupported
2050220302,경충대로,internal,3,3,87,87,321.07,963.21,False,unsupported
2050002603,경충대로,internal,3,3,87,87,384.2,1152.6,False,unsupported
2050002605,경충대로,internal,3,3,87,87,390.32,1170.96,False,unsupported
2050002604,경충대로,internal,3,3,87,87,396.93,1190.79,False,unsupported
2050000400,경충대로,internal,3,3,87,87,99.22,297.66,False,unsupported
2050000401,경충대로,internal,3,3,87,87,31.06,93.18,False,unsupported
2060207006,판교역로,internal,3,3,82,82,12.7,38.1,False,unsupported
2060349601,-,internal,3,7,78,182,7.56,52.92,False,unsupported
2060197000,판교로256번길,internal,3,5,76,132,154.15,770.75,False,unsupported
2060197001,판교로256번길,internal,3,5,76,132,6.91,34.55,False,unsupported
2060200000,판교로256번길,internal,3,5,76,132,111.48,557.4,False,unsupported
2060200001,판교로256번길,internal,3,5,76,132,7.47,37.35,False,unsupported
2060350601,판교역로242번길,internal,3,4,76,103,12.9,51.6,False,unsupported
2060194003,대왕판교로606번길,internal,3,7,75,173,22.42,156.94,False,unsupported
2060149700,야탑로,internal,3,3,75,75,195.21,585.63,False,unsupported
2060149701,야탑로,internal,3,3,75,75,12.03,36.09,False,unsupported
2060151700,야탑로,internal,3,3,75,75,165.3,495.9,False,unsupported
2060152700,탄천로,internal,3,3,75,75,469.07,1407.21,False,unsupported
2060169100,장미로,internal,3,3,75,75,160.19,480.57,False,unsupported
2060169102,장미로,internal,3,3,75,75,12.06,36.18,False,unsupported
2060164501,양현로,internal,3,3,75,75,12.09,36.27,False,unsupported
2060171800,양현로,internal,3,3,75,75,54.27,162.81,False,unsupported
2060173301,양현로,internal,3,3,75,75,129.18,387.54,False,unsupported
2060173308,양현로,internal,3,3,75,75,239.85,719.55,False,unsupported
2060173306,양현로,internal,3,3,75,75,12.02,36.06,False,unsupported
2060173303,양현로,internal,3,3,75,75,212.35,637.05,False,unsupported
2060173305,양현로,internal,3,3,75,75,12.0,36.0,False,unsupported
2060173304,양현로,internal,3,3,75,75,24.87,74.61,False,unsupported
2060173312,양현로,internal,3,3,75,75,104.77,314.31,False,unsupported
2060173307,양현로,internal,3,3,75,75,12.08,36.24,False,unsupported
2060195700,판교역로,internal,3,9,74,222,43.22,388.98,False,unsupported
2060350301,판교로289번길,internal,3,5,73,117,12.02,60.1,False,unsupported
2060348300,판교로319번길,internal,3,5,73,117,270.57,1352.85,False,unsupported
2060358902,동판교로,internal,3,3,73,73,76.96,230.88,False,unsupported
2060204700,판교로,internal,3,7,72,170,218.8,1531.6,False,unsupported
2060181802,판교로,internal,3,4,72,98,265.92,1063.68,False,unsupported
2060135301,성남대로,internal,3,4,72,97,12.19,48.76,False,unsupported
2060140000,성남대로,internal,3,4,72,97,220.57,882.28,False,unsupported
2060146500,성남대로,internal,3,4,72,97,119.88,479.52,False,unsupported
2060146501,성남대로,internal,3,4,72,97,12.01,48.04,False,unsupported
2060150500,성남대로,internal,3,4,72,97,128.15,512.6,False,unsupported
2060150501,성남대로,internal,3,4,72,97,12.0,48.0,False,unsupported
2060157300,성남대로,internal,3,4,72,97,152.25,609.0,False,unsupported
2060157301,성남대로,internal,3,4,72,97,12.0,48.0,False,unsupported
2060161100,성남대로,internal,3,4,72,97,101.3,405.2,False,unsupported
2060161101,성남대로,internal,3,4,72,97,12.0,48.0,False,unsupported
2060165500,성남대로,internal,3,4,72,97,152.18,608.72,False,unsupported
2060165501,성남대로,internal,3,4,72,97,12.02,48.08,False,unsupported
2060171200,성남대로,internal,3,4,72,97,52.95,211.8,False,unsupported
2060173000,성남대로,internal,3,4,72,97,272.45,1089.8,False,unsupported
2050037201,공원로,internal,3,8,71,191,12.17,97.36,False,unsupported
2040415100,공원로,internal,3,8,71,191,261.66,2093.28,False,unsupported
2040415101,공원로,internal,3,8,71,191,12.23,97.84,False,unsupported
2040013400,공원로,internal,3,8,71,191,162.99,1303.92,False,unsupported
2060350000,판교역로241번길,internal,3,5,70,122,376.34,1881.7,False,unsupported
2060283307,서판교로,internal,3,4,70,95,16.79,67.16,False,unsupported
2060006304,운중로,internal,3,9,69,207,350.1,3150.9,False,unsupported
2060006316,운중로,internal,3,9,69,207,6.54,58.86,False,unsupported
2060006307,운중로,internal,3,9,69,207,199.83,1798.47,False,unsupported
2060006308,운중로,internal,3,9,69,207,82.07,738.63,False,unsupported
2060006311,운중로,internal,3,9,69,207,6.23,56.07,False,unsupported
2060006302,운중로,internal,3,9,69,207,216.62,1949.58,False,unsupported
2060207101,판교역로,internal,3,3,69,69,74.52,223.56,False,unsupported
2060197801,대왕판교로606번길,internal,3,4,67,90,13.58,54.32,False,unsupported
2060194101,판교역로,internal,2,3,61,86,7.15,21.45,False,unsupported
2060197500,판교역로,internal,2,3,61,86,225.05,675.15,False,unsupported
2060145700,야탑남로,internal,2,2,59,59,238.63,477.26,False,unsupported
2060145701,야탑남로,internal,2,2,59,59,12.13,24.26,False,unsupported
2060144900,야탑남로,internal,2,2,59,59,19.38,38.76,False,unsupported
2060144902,야탑남로,internal,2,2,59,59,99.97,199.94,False,unsupported
2060144901,야탑남로,internal,2,2,59,59,11.93,23.86,False,unsupported
2060209401,돌마로,internal,2,2,59,59,12.0,24.0,False,unsupported
2060145100,돌마로,internal,2,2,59,59,152.4,304.8,False,unsupported
2060145101,돌마로,internal,2,2,59,59,12.1,24.2,False,unsupported
2060148900,돌마로,internal,2,2,59,59,402.91,805.82,False,unsupported
2060162500,돌마로,internal,2,2,59,59,126.61,253.22,False,unsupported
2050212000,희망로,internal,2,2,59,59,239.48,478.96,False,unsupported
2050212200,희망로,internal,2,2,59,59,96.18,192.36,False,unsupported
2050008400,경충대로,internal,2,2,59,59,334.88,669.76,False,unsupported
2050211801,성남대로,internal,2,2,55,55,24.31,48.62,False,unsupported
2050216901,성남대로,internal,2,2,55,55,479.26,958.52,False,unsupported
2050217601,성남대로,internal,2,2,55,55,118.94,237.88,False,unsupported
2050218001,성남대로,internal,2,2,55,55,110.11,220.22,False,unsupported
2060197201,판교로256번길,internal,2,4,54,110,6.36,25.44,False,unsupported
2060004303,대왕판교로,internal,2,2,54,54,17.04,34.08,False,unsupported
2060206901,안양판교로,internal,2,2,54,54,26.31,52.62,False,unsupported
2060097700,백현로,internal,2,2,54,54,336.44,672.88,False,unsupported
2060097702,백현로,internal,2,2,54,54,337.15,674.3,False,unsupported
2060081001,분당수서로,internal,2,2,54,54,12.0,24.0,False,unsupported
2060195501,판교역로146번길,internal,2,2,54,54,13.78,27.56,False,unsupported
2060195500,판교역로146번길,internal,2,2,54,54,147.36,294.72,False,unsupported
2060195503,판교역로146번길,internal,2,2,54,54,123.65,247.3,False,unsupported
2060201100,판교로,internal,2,3,53,78,456.3,1368.9,False,unsupported
2060201101,판교로,internal,2,3,53,78,6.71,20.13,False,unsupported
2060350200,판교로289번길,internal,2,2,53,53,289.23,578.46,False,unsupported
2060350201,판교로289번길,internal,2,2,53,53,11.23,22.46,False,unsupported
2060350802,대왕판교로712번길,internal,2,2,53,53,12.0,24.0,False,unsupported
2050008802,여수대로,internal,2,2,53,53,271.2,542.4,False,unsupported
2060201402,대왕판교로,internal,2,2,53,53,436.01,872.02,False,unsupported
2060201403,대왕판교로,internal,2,2,53,53,436.01,872.02,False,unsupported
2060201404,대왕판교로,internal,2,2,53,53,436.01,872.02,False,unsupported
2060201405,대왕판교로,internal,2,2,53,53,436.01,872.02,False,unsupported
2060179801,대왕판교로,internal,2,2,52,52,7.94,15.88,False,unsupported
2060183803,서현로,internal,2,2,51,51,22.44,44.88,False,unsupported
2060183901,서현로,internal,2,2,51,51,8.98,17.96,False,unsupported
2060206501,서현로,internal,2,2,51,51,25.42,50.84,False,unsupported
2060124901,분당수서로,internal,2,2,51,51,12.57,25.14,False,unsupported
2060127801,분당수서로,internal,2,2,51,51,12.04,24.08,False,unsupported
2060131401,분당수서로,internal,2,2,51,51,12.13,24.26,False,unsupported
2060351400,판교역로,internal,2,2,50,50,230.57,461.14,False,unsupported
2050202100,여수울로,internal,2,6,49,147,153.4,920.4,False,unsupported
2050202101,여수울로,internal,2,6,49,147,12.0,72.0,False,unsupported
2050211201,성남대로,internal,2,2,49,49,12.0,24.0,False,unsupported
2050211800,성남대로,internal,2,2,49,49,285.69,571.38,False,unsupported
2060195702,판교역로,internal,2,6,48,144,331.63,1989.78,False,unsupported
2060195704,판교역로,internal,2,6,48,144,285.67,1714.02,False,unsupported
2060204701,판교로,internal,2,4,48,98,8.7,34.8,False,unsupported
2060201001,판교로228번길,internal,2,4,48,98,6.09,24.36,False,unsupported
2060204400,판교로228번길,internal,2,4,48,98,101.32,405.28,False,unsupported
2060204401,판교로228번길,internal,2,4,48,98,7.01,28.04,False,unsupported
2060204500,판교로228번길,internal,2,4,48,98,110.47,441.88,False,unsupported
2060204501,판교로228번길,internal,2,4,48,98,7.55,30.2,False,unsupported
2060283700,판교로228번길,internal,2,2,48,48,344.03,688.06,False,unsupported
2060283501,서판교로66번길,internal,2,2,48,48,480.29,960.58,False,unsupported
2060283506,서판교로66번길,internal,2,2,48,48,71.74,143.48,False,unsupported
2060283504,서판교로66번길,internal,2,2,48,48,12.0,24.0,False,unsupported
2060283502,서판교로66번길,internal,2,2,48,48,36.14,72.28,False,unsupported
2060283507,서판교로66번길,internal,2,2,48,48,55.34,110.68,False,unsupported
2060283505,서판교로66번길,internal,2,2,48,48,27.21,54.42,False,unsupported
2060283503,서판교로66번길,internal,2,2,48,48,12.0,24.0,False,unsupported
2060283103,서판교로,internal,2,2,48,48,10.31,20.62,False,unsupported
2060283303,서판교로,internal,2,2,48,48,212.89,425.78,False,unsupported
2060283305,서판교로,internal,2,2,48,48,12.15,24.3,False,unsupported
2060283304,서판교로,internal,2,2,48,48,113.65,227.3,False,unsupported
2060283306,서판교로,internal,2,2,48,48,12.03,24.06,False,unsupported
2060283302,서판교로,internal,2,2,48,48,139.81,279.62,False,unsupported
2060186000,판교원로,internal,2,5,47,119,345.6,1728.0,False,unsupported
2060004902,운중로,internal,2,3,47,72,344.02,1032.06,False,unsupported
2060004904,운중로,internal,2,3,47,72,9.45,28.35,False,unsupported
2060182500,서판교로,internal,2,3,47,72,132.9,398.7,False,unsupported
2060182301,판교원로,internal,2,3,47,72,79.53,238.59,False,unsupported
2060182309,판교원로,internal,2,3,47,72,207.09,621.27,False,unsupported
2060182307,판교원로,internal,2,3,47,72,179.03,537.09,False,unsupported
2060182308,판교원로,internal,2,3,47,72,50.92,152.76,False,unsupported
2060332401,판교로289번길,internal,2,2,47,47,12.0,24.0,False,unsupported
2060208900,안양판교로,internal,2,5,46,116,77.68,388.4,False,unsupported
2060359000,동판교로,internal,2,5,46,116,52.12,260.6,False,unsupported
2060199401,대왕판교로606번길,internal,2,6,45,135,9.01,54.06,False,unsupported
2060333300,-,internal,2,6,45,135,192.16,1152.96,False,unsupported
2060193900,대왕판교로606번길,internal,2,5,45,113,83.19,415.95,False,unsupported
2060193901,대왕판교로606번길,internal,2,5,45,113,6.49,32.45,False,unsupported
2060199400,대왕판교로606번길,internal,2,5,45,113,78.25,391.25,False,unsupported
2060199402,대왕판교로606번길,internal,2,5,45,113,160.18,800.9,False,unsupported
2060198300,운중로113번길,internal,2,6,44,132,150.51,903.06,False,unsupported
2060198301,운중로113번길,internal,2,6,44,132,6.75,40.5,False,unsupported
2060201902,산운로,internal,2,6,44,132,6.77,40.62,False,unsupported
2060202500,산운로,internal,2,6,44,132,183.57,1101.42,False,unsupported
2060193701,분당내곡로,internal,1,2,30,60,8.19,16.38,False,unsupported
2060194401,분당내곡로,internal,1,2,30,60,98.39,196.78,False,unsupported
2060194404,분당내곡로,internal,1,2,30,60,12.0,24.0,False,unsupported
2060194402,분당내곡로,internal,1,2,30,60,117.19,234.38,False,unsupported
2050008805,여수대로,internal,1,1,29,29,12.17,12.17,False,unsupported
2050218201,경충대로,internal,1,1,29,29,243.52,243.52,False,unsupported
2050217301,경충대로,internal,1,1,29,29,239.27,239.27,False,unsupported
2050003800,수도권제1순환고속도로,internal,1,1,29,29,352.34,352.34,False,unsupported
2050026401,광명로,internal,1,3,26,78,12.35,37.05,False,unsupported
2050030800,광명로,internal,1,3,26,78,108.44,325.32,False,unsupported
2050030804,광명로,internal,1,3,26,78,67.63,202.89,False,unsupported
2050030805,광명로,internal,1,3,26,78,66.04,198.12,False,unsupported
2050030802,광명로,internal,1,3,26,78,28.32,84.96,False,unsupported
2050030806,광명로,internal,1,3,26,78,71.64,214.92,False,unsupported
2050030801,광명로,internal,1,3,26,78,12.0,36.0,False,unsupported
2050033401,광명로,internal,1,3,26,78,162.9,488.7,False,unsupported
2050033405,광명로,internal,1,3,26,78,281.62,844.86,False,unsupported
2050221200,-,internal,1,3,26,78,47.83,143.49,False,unsupported
2050030500,원터로,internal,1,2,26,52,124.1,248.2,False,unsupported
2050030501,원터로,internal,1,2,26,52,12.03,24.06,False,unsupported
2060350801,대왕판교로712번길,internal,1,2,26,52,27.12,54.24,False,unsupported
2060179903,대왕판교로,internal,1,2,26,52,10.92,21.84,False,unsupported
2050218401,성남대로,internal,1,1,26,26,53.28,53.28,False,unsupported
2050218402,성남대로,internal,1,1,26,26,14.38,14.38,False,unsupported
2050005002,성남대로,internal,1,1,26,26,16.35,16.35,False,unsupported
2050023200,광명로,internal,1,1,26,26,176.51,176.51,False,unsupported
2050023203,광명로,internal,1,1,26,26,148.06,148.06,False,unsupported
2050023205,광명로,internal,1,1,26,26,103.65,103.65,False,unsupported
2050023206,광명로,internal,1,1,26,26,97.75,97.75,False,unsupported
2050023202,광명로,internal,1,1,26,26,24.37,24.37,False,unsupported
2050026400,광명로,internal,1,1,26,26,121.0,121.0,False,unsupported
2050026405,광명로,internal,1,1,26,26,147.52,147.52,False,unsupported
2050026408,광명로,internal,1,1,26,26,122.22,122.22,False,unsupported
2050026410,광명로,internal,1,1,26,26,60.4,60.4,False,unsupported
2050026406,광명로,internal,1,1,26,26,117.01,117.01,False,unsupported
2050026402,광명로,internal,1,1,26,26,58.06,58.06,False,unsupported
2050026412,광명로,internal,1,1,26,26,58.73,58.73,False,unsupported
2060006313,운중로,internal,1,3,25,75,6.65,19.95,False,unsupported
2060198402,운중로113번길,internal,1,3,25,75,15.9,47.7,False,unsupported
2060180200,판교원로81번길,internal,1,3,25,75,101.02,303.06,False,unsupported
2060180202,판교원로81번길,internal,1,3,25,75,160.05,480.15,False,unsupported
2060199802,대왕판교로645번길,internal,1,2,25,50,8.94,17.88,False,unsupported
2060199800,대왕판교로645번길,internal,1,2,25,50,107.45,214.9,False,unsupported
2040413100,여수대로,internal,1,1,25,25,129.66,129.66,False,unsupported
2040413101,여수대로,internal,1,1,25,25,12.3,12.3,False,unsupported
2040412201,탄천로,internal,1,1,25,25,12.02,12.02,False,unsupported
2050009900,탄천로,internal,1,1,25,25,166.9,166.9,False,unsupported
2050009902,탄천로,internal,1,1,25,25,404.43,404.43,False,unsupported
2050009903,탄천로,internal,1,1,25,25,16.18,16.18,False,unsupported
2050013400,탄천로,internal,1,1,25,25,199.52,199.52,False,unsupported
2050013600,탄천로,internal,1,1,25,25,187.92,187.92,False,unsupported
2050013601,탄천로,internal,1,1,25,25,12.39,12.39,False,unsupported
2050015200,탄천로,internal,1,1,25,25,230.3,230.3,False,unsupported
2050019800,산성대로,internal,1,1,25,25,60.4,60.4,False,unsupported
2050020500,산성대로,internal,1,1,25,25,126.45,126.45,False,unsupported
2050021400,산성대로,internal,1,1,25,25,152.41,152.41,False,unsupported
2060199100,판교로228번길,internal,1,3,24,72,87.54,262.62,False,unsupported
2060204100,판교로227번길,internal,1,3,24,72,182.34,547.02,False,unsupported
2060203800,판교로255번길,internal,1,3,24,72,318.16,954.48,False,unsupported
2060203400,판교로255번길,internal,1,3,24,72,87.69,263.07,False,unsupported
2060208901,안양판교로,internal,1,3,24,72,7.86,23.58,False,unsupported
2060185401,판교원로82번길,internal,1,3,24,72,28.73,86.19,False,unsupported
2060200700,판교원로82번길,internal,1,3,24,72,104.46,313.38,False,unsupported
2060200701,판교원로82번길,internal,1,3,24,72,309.89,929.67,False,unsupported
2060359002,동판교로,internal,1,3,24,72,137.23,411.69,False,unsupported
2050211900,성남대로,internal,1,1,24,24,284.28,284.28,False,unsupported
2050211901,성남대로,internal,1,1,24,24,12.0,12.0,False,unsupported
2050202201,성남대로997번길,internal,1,1,24,24,12.0,12.0,False,unsupported
2060205205,판교역로192번길,internal,1,1,23,23,13.57,13.57,False,unsupported
2060352900,대왕판교로606번길,internal,1,1,23,23,52.77,52.77,False,unsupported
2060352902,대왕판교로606번길,internal,1,1,23,23,11.63,11.63,False,unsupported
2060352402,대왕판교로606번길,internal,1,1,23,23,12.0,12.0,False,unsupported
2060352400,대왕판교로606번길,internal,1,1,23,23,104.27,104.27,False,unsupported
2060352401,대왕판교로606번길,internal,1,1,23,23,12.0,12.0,False,unsupported
2060352200,대왕판교로606번길,internal,1,1,23,23,44.44,44.44,False,unsupported
2060352201,대왕판교로606번길,internal,1,1,23,23,12.0,12.0,False,unsupported
2060332800,대왕판교로606번길,internal,1,1,23,23,41.01,41.01,False,unsupported
2060005003,운중로,internal,1,1,23,23,9.36,9.36,False,unsupported
2060005002,운중로,internal,1,1,23,23,348.07,348.07,False,unsupported
2050192500,성남이천로,internal,1,1,23,23,304.2,304.2,False,unsupported
2040412400,분당내곡간도시고속화도로,internal,1,1,23,23,193.26,193.26,False,unsupported
2040412401,분당내곡간도시고속화도로,internal,1,1,23,23,12.43,12.43,False,unsupported
2040412800,분당내곡간도시고속화도로,internal,1,1,23,23,192.44,192.44,False,unsupported
2050038600,산성대로,internal,1,3,22,66,371.77,1115.31,False,unsupported
2040012901,산성대로,internal,1,3,22,66,12.1,36.3,False,unsupported
2050042600,산성대로,internal,1,3,22,66,86.5,259.5,False,unsupported
2050042601,산성대로,internal,1,3,22,66,26.99,80.97,False,unsupported
2050041001,희망로,internal,1,3,22,66,18.65,55.95,False,unsupported
2050043001,산성대로,internal,1,3,22,66,493.71,1481.13,False,unsupported
2050043004,산성대로,internal,1,3,22,66,12.01,36.03,False,unsupported
2050045300,산성대로,internal,1,3,22,66,129.09,387.27,False,unsupported
2050045302,산성대로,internal,1,3,22,66,31.0,93.0,False,unsupported
2050045301,산성대로,internal,1,3,22,66,12.0,36.0,False,unsupported
2050045701,자혜로,internal,1,3,22,66,12.0,36.0,False,unsupported
2040408600,산성대로437번길,internal,1,3,22,66,54.29,162.87,False,unsupported
2040408601,산성대로437번길,internal,1,3,22,66,12.0,36.0,False,unsupported
2040409100,산성대로437번길,internal,1,3,22,66,98.79,296.37,False,unsupported
2040016200,수정로,internal,1,3,22,66,192.94,578.82,False,unsupported
2040016202,수정로,internal,1,3,22,66,170.52,511.56,False,unsupported
2040016203,수정로,internal,1,3,22,66,28.26,84.78,False,unsupported
2040020000,수정로,internal,1,3,22,66,69.5,208.5,False,unsupported
2060093201,백현로,internal,1,2,22,44,13.77,27.54,False,unsupported
2060365201,백현로,internal,1,2,22,44,242.5,485.0,False,unsupported
2060365002,백현로,internal,1,2,22,44,12.01,24.02,False,unsupported
2060085000,백현로,internal,1,2,22,44,147.89,295.78,False,unsupported
2060085001,백현로,internal,1,2,22,44,12.0,24.0,False,unsupported
2060082200,백현로,internal,1,2,22,44,120.17,240.34,False,unsupported
2060082201,백현로,internal,1,2,22,44,12.0,24.0,False,unsupported
2060081200,백현로,internal,1,2,22,44,121.14,242.28,False,unsupported
2060081201,백현로,internal,1,2,22,44,12.0,24.0,False,unsupported
2060077200,백현로,internal,1,2,22,44,134.52,269.04,False,unsupported
2060077201,백현로,internal,1,2,22,44,12.02,24.04,False,unsupported
2060074301,내정로,internal,1,2,22,44,12.05,24.1,False,unsupported
2060077500,내정로,internal,1,2,22,44,170.35,340.7,False,unsupported
2060180100,판교원로82번길,internal,1,2,22,44,139.28,278.56,False,unsupported
2060185806,판교원로,internal,1,2,22,44,8.59,17.18,False,unsupported
2040013401,공원로,internal,1,2,22,44,12.94,25.88,False,unsupported
2040014600,공원로,internal,1,2,22,44,265.59,531.18,False,unsupported
2060112202,분당내곡간도시고속화도로,internal,1,1,22,22,762.43,762.43,False,unsupported
2060112207,분당내곡간도시고속화도로,internal,1,1,22,22,768.66,768.66,False,unsupported
2060112206,분당내곡간도시고속화도로,internal,1,1,22,22,771.45,771.45,False,unsupported
2060112204,분당내곡간도시고속화도로,internal,1,1,22,22,20.52,20.52,False,unsupported
2060112205,분당내곡간도시고속화도로,internal,1,1,22,22,12.43,12.43,False,unsupported
2060365801,분당내곡로,internal,1,1,22,22,99.0,99.0,False,unsupported
2060365601,분당내곡로,internal,1,1,22,22,49.67,49.67,False,unsupported
2060365602,분당내곡로,internal,1,1,22,22,21.75,21.75,False,unsupported
2060109700,수내로,internal,1,1,22,22,89.34,89.34,False,unsupported
2060106400,수내로,internal,1,1,22,22,188.44,188.44,False,unsupported
2060105200,수내로,internal,1,1,22,22,46.79,46.79,False,unsupported
2060105201,수내로,internal,1,1,22,22,12.0,12.0,False,unsupported
2060103200,수내로,internal,1,1,22,22,115.36,115.36,False,unsupported
2060103201,수내로,internal,1,1,22,22,12.0,12.0,False,unsupported
2060101000,수내로,internal,1,1,22,22,124.7,124.7,False,unsupported
2060101001,수내로,internal,1,1,22,22,12.02,12.02,False,unsupported
2060087400,수내로,internal,1,1,22,22,294.05,294.05,False,unsupported
2060087402,수내로,internal,1,1,22,22,294.05,294.05,False,unsupported
2060086200,내정로,internal,1,1,22,22,86.59,86.59,False,unsupported
2060084000,내정로,internal,1,1,22,22,112.72,112.72,False,unsupported
2060084001,내정로,internal,1,1,22,22,12.04,12.04,False,unsupported
2060082400,내정로,internal,1,1,22,22,77.51,77.51,False,unsupported
2060082401,내정로,internal,1,1,22,22,12.01,12.01,False,unsupported
2060077400,내정로,internal,1,1,22,22,136.41,136.41,False,unsupported
2060206800,안양판교로,internal,1,1,22,22,239.57,239.57,False,unsupported
2060206200,안양판교로,internal,1,1,22,22,330.96,330.96,False,unsupported
2060206204,안양판교로,internal,1,1,22,22,330.96,330.96,False,unsupported
2060206203,안양판교로,internal,1,1,22,22,384.77,384.77,False,unsupported
2060206202,안양판교로,internal,1,1,22,22,255.66,255.66,False,unsupported
2060206205,안양판교로,internal,1,1,22,22,259.8,259.8,False,unsupported
2060206201,안양판교로,internal,1,1,22,22,12.8,12.8,False,unsupported
2060180101,판교원로82번길,internal,1,1,22,22,9.39,9.39,False,unsupported
2060182305,판교원로,internal,1,1,22,22,228.12,228.12,False,unsupported
2060182304,판교원로,internal,1,1,22,22,12.34,12.34,False,unsupported
2060182302,판교원로,internal,1,1,22,22,225.24,225.24,False,unsupported
2060182303,판교원로,internal,1,1,22,22,12.21,12.21,False,unsupported
2060185600,판교원로,internal,1,1,22,22,216.56,216.56,False,unsupported
2060185803,판교원로,internal,1,1,22,22,201.11,201.11,False,unsupported
2060185805,판교원로,internal,1,1,22,22,12.02,12.02,False,unsupported
2060185804,판교원로,internal,1,1,22,22,113.45,113.45,False,unsupported
2060185807,판교원로,internal,1,1,22,22,12.0,12.0,False,unsupported
2060185802,판교원로,internal,1,1,22,22,115.99,115.99,False,unsupported
2060185809,판교원로,internal,1,1,22,22,93.44,93.44,False,unsupported
2060185810,판교원로,internal,1,1,22,22,259.65,259.65,False,unsupported
2060193200,동판교로177번길,internal,1,1,22,22,82.95,82.95,False,unsupported
2060193201,동판교로177번길,internal,1,1,22,22,6.58,6.58,False,unsupported
2060193000,동판교로177번길,internal,1,1,22,22,142.51,142.51,False,unsupported
2060193002,동판교로177번길,internal,1,1,22,22,95.34,95.34,False,unsupported
2060199200,동판교로,internal,1,1,22,22,228.45,228.45,False,unsupported
2060199201,동판교로,internal,1,1,22,22,8.17,8.17,False,unsupported
2050023401,산성대로,internal,1,1,22,22,35.2,35.2,False,unsupported
2050023403,산성대로,internal,1,1,22,22,12.0,12.0,False,unsupported
2050023402,산성대로,internal,1,1,22,22,296.56,296.56,False,unsupported
2050023404,산성대로,internal,1,1,22,22,12.38,12.38,False,unsupported
2050006101,성남대로,internal,1,1,22,22,24.14,24.14,False,unsupported
2040002003,성남대로,internal,1,1,22,22,333.65,333.65,False,unsupported
2040011500,수정로,internal,1,1,22,22,88.16,88.16,False,unsupported
2040011506,수정로,internal,1,1,22,22,134.33,134.33,False,unsupported
2040011502,수정로,internal,1,1,22,22,144.43,144.43,False,unsupported
2040011501,수정로,internal,1,1,22,22,11.74,11.74,False,unsupported
2040011700,수정로,internal,1,1,22,22,161.08,161.08,False,unsupported
2040011704,수정로,internal,1,1,22,22,153.51,153.51,False,unsupported
2040011703,수정로,internal,1,1,22,22,82.3,82.3,False,unsupported
2040011701,수정로,internal,1,1,22,22,12.0,12.0,False,unsupported
2040012100,수정로,internal,1,1,22,22,96.82,96.82,False,unsupported
2040012102,수정로,internal,1,1,22,22,80.17,80.17,False,unsupported
2040012104,수정로,internal,1,1,22,22,76.73,76.73,False,unsupported
2040012105,수정로,internal,1,1,22,22,11.41,11.41,False,unsupported
2040012101,수정로,internal,1,1,22,22,11.97,11.97,False,unsupported
2040415300,수정로,internal,1,1,22,22,65.64,65.64,False,unsupported
2040415302,수정로,internal,1,1,22,22,91.1,91.1,False,unsupported
2040415303,수정로,internal,1,1,22,22,153.58,153.58,False,unsupported
2040415301,수정로,internal,1,1,22,22,12.0,12.0,False,unsupported
2040415500,수정로,internal,1,1,22,22,32.69,32.69,False,unsupported
2040415504,수정로,internal,1,1,22,22,57.09,57.09,False,unsupported
2040415502,수정로,internal,1,1,22,22,61.45,61.45,False,unsupported
2040415505,수정로,internal,1,1,22,22,82.25,82.25,False,unsupported
2040415503,수정로,internal,1,1,22,22,121.28,121.28,False,unsupported
2040415501,수정로,internal,1,1,22,22,13.01,13.01,False,unsupported
2060185300,대왕판교로,internal,50,77,1274,1979,232.57,17907.89,True,supported
2060181600,대왕판교로,internal,39,60,977,1527,399.36,23961.6,True,supported
2060181002,대왕판교로,internal,36,56,896,1389,76.57,4287.92,True,supported
2040057700,대왕판교로,internal,36,56,896,1389,333.81,18693.36,True,supported
2060181001,대왕판교로,internal,31,47,770,1168,260.35,12236.45,True,supported
2040411000,대왕판교로,internal,27,45,661,1110,142.96,6433.2,True,supported
2040411200,대왕판교로,internal,27,45,661,1110,194.92,8771.4,True,supported
2040000400,대왕판교로,internal,27,45,661,1110,470.47,21171.15,True,supported
2060186500,대왕판교로,internal,21,36,532,922,148.64,5351.04,True,supported
2060141600,분당수서로,internal,21,41,512,989,313.66,12860.06,True,supported
2060150100,분당수서로,internal,19,40,463,965,986.22,39448.8,True,supported
2040411800,분당수서로,internal,19,40,463,965,264.21,10568.4,True,supported
2050008100,분당수서로,internal,19,40,463,965,252.19,10087.6,True,supported
2060149400,분당수서로,internal,19,38,463,914,13.94,529.72,True,supported
2040389500,경부고속도로,internal,18,29,456,742,600.86,17424.94,True,supported
2040388700,경부고속도로,internal,18,29,456,742,514.94,14933.26,True,supported
2040412000,경부고속도로,internal,18,29,456,742,907.98,26331.42,True,supported
2060004302,대왕판교로,internal,16,23,406,581,255.61,5879.03,True,supported
2060179700,대왕판교로,internal,16,23,404,577,312.97,7198.31,True,supported
2060200400,대왕판교로,internal,15,20,384,505,461.27,9225.4,True,supported
2060001506,대왕판교로,internal,15,20,384,505,150.0,3000.0,True,supported
2060001507,대왕판교로,internal,15,20,384,505,358.81,7176.2,True,supported
2060001502,대왕판교로,internal,15,20,384,505,217.32,4346.4,True,supported
2060001504,대왕판교로,internal,15,20,384,505,362.12,7242.4,True,supported
2060001505,대왕판교로,internal,15,20,384,505,371.36,7427.2,True,supported
2060000700,대왕판교로,internal,15,20,384,505,345.83,6916.6,True,supported
2060181700,대왕판교로,internal,14,25,345,622,387.87,9696.75,True,supported
2050017000,분당수서로,internal,14,27,344,659,431.09,11639.43,True,supported
2040414200,분당수서로,internal,14,27,344,659,611.06,16498.62,True,supported
2040014000,분당수서로,internal,14,27,344,659,339.73,9172.71,True,supported
2040017500,분당수서로,internal,14,27,344,659,737.55,19913.85,True,supported
2040000603,대왕판교로,internal,14,22,335,513,353.42,7775.24,True,supported
2040000604,대왕판교로,internal,14,22,335,513,130.85,2878.7,True,supported
2040000605,대왕판교로,internal,14,22,335,513,131.8,2899.6,True,supported
2040000606,대왕판교로,internal,14,22,335,513,59.46,1308.12,True,supported
2040009300,대왕판교로,internal,14,22,335,513,367.37,8082.14,True,supported
2040010100,대왕판교로,internal,14,22,335,513,356.39,7840.58,True,supported
2040011301,대왕판교로,internal,14,22,335,513,328.9,7235.8,True,supported
2040011303,대왕판교로,internal,14,22,335,513,314.46,6918.12,True,supported
2040011305,대왕판교로,internal,14,22,335,513,88.15,1939.3,True,supported
2040011307,대왕판교로,internal,14,22,335,513,275.05,6051.1,True,supported
2040011308,대왕판교로,internal,14,22,335,513,249.22,5482.84,True,supported
1220005901,밤고개로,internal,14,22,335,513,166.88,3671.36,True,supported
2060358000,경부고속도로,internal,12,13,314,345,312.17,4058.21,True,supported
2060330600,경부고속도로,internal,12,13,314,345,388.68,5052.84,True,supported
2060001201,경부고속도로,internal,12,13,314,345,282.06,3666.78,True,supported
2060358400,경부고속도로,internal,12,13,314,345,797.24,10364.12,True,supported
2060010600,수도권제1순환고속도로,internal,11,11,285,285,588.26,6470.86,True,supported
2060181100,대왕판교로,internal,10,12,256,305,387.43,4649.16,True,supported
2060061300,분당수서로,internal,8,8,205,205,165.36,1322.88,True,supported
2060055301,분당수서로,internal,8,8,205,205,197.87,1582.96,True,supported
2060055302,분당수서로,internal,8,8,205,205,42.17,337.36,True,supported
2060038200,분당수서로,internal,8,8,205,205,530.64,4245.12,True,supported
2060037100,분당수서로,internal,8,8,205,205,343.47,2747.76,True,supported
2060033600,분당수서로,internal,8,8,205,205,362.23,2897.84,True,supported
2060358200,분당수서로,internal,8,8,205,205,738.68,5909.44,True,supported
2060071900,분당수서로,internal,6,6,151,151,760.1,4560.6,True,supported
2060097500,분당수서로,internal,6,7,150,172,409.64,2867.48,True,supported
2060135600,분당수서로,internal,5,5,124,124,246.78,1233.9,True,supported
2060134000,분당수서로,internal,5,5,124,124,444.11,2220.55,True,supported
2060131500,분당수서로,internal,5,5,124,124,73.22,366.1,True,supported
2060131100,분당수서로,internal,5,5,124,124,375.67,1878.35,True,supported
2060125000,분당수서로,internal,5,5,124,124,685.62,3428.1,True,supported
2060123300,분당수서로,internal,5,5,124,124,98.6,493.0,True,supported
2060115600,분당수서로,internal,5,5,124,124,429.27,2146.35,True,supported
2060114900,분당수서로,internal,5,5,124,124,39.35,196.75,True,supported
2060107800,분당수서로,internal,5,5,124,124,353.33,1766.65,True,supported
2060184002,서현로,internal,4,4,103,103,433.11,1732.44,True,supported
2050003400,수도권제1순환고속도로,internal,3,3,87,87,114.46,343.38,True,supported
2060004301,대왕판교로,internal,3,3,76,76,235.18,705.54,True,supported
2060081000,분당수서로,internal,2,2,54,54,829.71,1659.42,True,supported
2060071700,분당수서로,internal,2,2,54,54,263.9,527.8,True,supported
2060201400,대왕판교로,internal,2,2,53,53,436.01,872.02,True,supported
2060179800,대왕판교로,internal,2,2,52,52,400.73,801.46,True,supported
2060183900,서현로,internal,2,2,51,51,328.0,656.0,True,supported
2060206500,서현로,internal,2,2,51,51,292.96,585.92,True,supported
2060127800,분당수서로,internal,2,2,51,51,364.11,728.22,True,supported
2060130600,분당수서로,internal,2,2,51,51,46.08,92.16,True,supported
2060131000,분당수서로,internal,2,2,51,51,375.96,751.92,True,supported
2060131400,분당수서로,internal,2,2,51,51,72.18,144.36,True,supported
2060134100,분당수서로,internal,2,2,51,51,433.07,866.14,True,supported
2060135900,분당수서로,internal,2,2,51,51,597.68,1195.36,True,supported
2050003300,수도권제1순환고속도로,internal,1,1,29,29,114.75,114.75,True,supported
2060179902,대왕판교로,internal,1,2,26,52,238.27,476.54,True,supported
2050005001,성남대로,internal,1,1,26,26,143.77,143.77,True,supported
2050005401,성남대로,internal,1,1,26,26,309.76,309.76,True,supported
2040002001,성남대로,internal,1,1,22,22,328.33,328.33,True,supported
