link_id,requested_route_id,requested_route_name,corridor_name,direction_label,startNodeNm,endNodeNm,linkLength,start_lon,start_lat,end_lon,end_lat
1210000701,1010000011,경부고속도로,gyeongbu_pangyo_seoul,northbound,원지동489-2,양재IC,3001.57,127.05203073363546,37.44975663440124,127.04275740610213,37.460633596567
1210000702,1010000011,경부고속도로,gyeongbu_pangyo_seoul,northbound,양재IC,서울만남의광장휴게소,128.11,127.04275740610213,37.460633596567,127.04188234563846,37.461553263846355
1210000711,1010000011,경부고속도로,gyeongbu_pangyo_seoul,northbound,원지동489-2,신양재IC,689.19,127.06111163211537,37.43929090814424,127.05724736469918,37.44468226258571
1210000721,1010000011,경부고속도로,gyeongbu_pangyo_seoul,northbound,신양재IC,양재IC,808.13,127.04823440798077,37.45480685387436,127.04275740610213,37.460633596567
1210000800,1010000011,경부고속도로,gyeongbu_pangyo_seoul,southbound,양재IC,만남의광장휴게소,311.12,127.04200577933376,37.461184986355526,127.044130829893,37.458951537997955
1210001300,1010000011,경부고속도로,gyeongbu_pangyo_seoul,northbound,양재육교,양재IC,326.87,127.04027587709297,37.463003001600704,127.03935862248683,37.46307304356116
1210001400,1010000011,경부고속도로,gyeongbu_pangyo_seoul,northbound,양재IC,양재IC,377.97,127.04187953925847,37.46496032427826,127.03790379288016,37.4657401375142
1210001500,1010000011,경부고속도로,gyeongbu_pangyo_seoul,northbound,서울만남의광장휴게소,양재IC,377.91,127.04188234563846,37.461553263846355,127.0419918493931,37.464895911661266
1210001600,1010000011,경부고속도로,gyeongbu_pangyo_seoul,northbound,양재IC,양재IC,297.68,127.03927069012309,37.4631554685339,127.03941306426084,37.463910892369015
1210001901,1010000011,경부고속도로,gyeongbu_pangyo_seoul,southbound,양재육교,양재IC,253.25,127.04027587709297,37.463003001600704,127.04200577933376,37.461184986355526
1210001902,1010000011,경부고속도로,gyeongbu_pangyo_seoul,southbound,양재IC,양재육교,32.47,127.03941306426084,37.463910892369015,127.0396344897861,37.463677572876165
1210001903,1010000011,경부고속도로,gyeongbu_pangyo_seoul,southbound,양재IC,양재IC,241.39,127.0377668686817,37.465645457133064,127.03941306426084,37.463910892369015
1210002001,1010000011,경부고속도로,gyeongbu_pangyo_seoul,northbound,서울만남의광장휴게소,양재육교,226.57,127.04188234563846,37.461553263846355,127.04033469877571,37.46317973390655
1210002002,1010000011,경부고속도로,gyeongbu_pangyo_seoul,northbound,양재육교,양재IC,15.03,127.04033469877571,37.46317973390655,127.04023204320123,37.463287614479995
1210002003,1010000011,경부고속도로,gyeongbu_pangyo_seoul,northbound,양재IC,양재IC,239.91,127.03953988083167,37.46401622060598,127.03790379288016,37.4657401375142
1210002100,1010000011,경부고속도로,gyeongbu_pangyo_seoul,southbound,양재IC,양재IC,389.78,127.0377668686817,37.465645457133064,127.03796863304164,37.46221369522463
1210002200,1010000011,경부고속도로,gyeongbu_pangyo_seoul,southbound,양재IC,양재육교,301.09,127.04059757002835,37.46385954157114,127.04033469877571,37.46317973390655
1210002300,1010000011,경부고속도로,gyeongbu_pangyo_seoul,southbound,양재IC,양재IC,287.03,127.03953988083167,37.46401622060598,127.04050323342565,37.46394649573139
1210002400,1010000011,경부고속도로,gyeongbu_pangyo_seoul,southbound,양재IC,신원지하차도,572.82,127.03773579949426,37.461899229260595,127.04249368071605,37.45943947612345
1210002900,1010000011,경부고속도로,gyeongbu_pangyo_seoul,northbound,양재IC,서초IC,288.56,127.03790379288016,37.4657401375142,127.03593583265295,37.46781360420988
1210033500,1010000011,경부고속도로,gyeongbu_pangyo_seoul,southbound,양재IC,양재IC,537.38,127.04200577933376,37.461184986355526,127.04275740610213,37.460633596567
1210154300,1010000011,경부고속도로,gyeongbu_pangyo_seoul,southbound,원지동489-2,금토JC,3038.71,127.05203073363546,37.44975663440124,127.08244927181093,37.41784642804898
1210154400,1010000011,경부고속도로,gyeongbu_pangyo_seoul,northbound,금토JC,원지동489-2,3039.81,127.08244927181093,37.41784642804898,127.05203073363546,37.44975663440124
1210177500,1010000011,경부고속도로,gyeongbu_pangyo_seoul,northbound,서초구-성남시수정구,원지동489-2,612.06,127.06966653562418,37.43064446542849,127.06530367391854,37.4349232323749
1210177600,1010000011,경부고속도로,gyeongbu_pangyo_seoul,southbound,원지동489-2,서초구-성남시수정구,612.06,127.06099812689503,37.4392308276164,127.06519847698128,37.43485502015665
1210177700,1010000011,경부고속도로,gyeongbu_pangyo_seoul,southbound,신양재IC,원지동489-2,689.16,127.04812768411146,37.45474496923369,127.05267472079544,37.44970359430565
1210177800,1010000011,경부고속도로,gyeongbu_pangyo_seoul,southbound,신원지하차도,신양재IC,486.52,127.04480819306859,37.45823958784521,127.04812768411146,37.45474496923369
1210177900,1010000011,경부고속도로,gyeongbu_pangyo_seoul,southbound,만남의광장휴게소,신원지하차도,99.17,127.044130829893,37.458951537997955,127.04480819306859,37.45823958784521
1220005801,1050000234,밤고개로/대왕판교로/신수로,daewangpangyo_access,southbound,세곡동130-2,강남구-성남시수정구,166.95,127.10805140981626,37.46371573408134,127.10785589500972,37.46221961704806
1220005802,1050000234,밤고개로/대왕판교로/신수로,daewangpangyo_access,southbound,세곡동사거리,세곡동130-2,111.65,127.10819670839355,37.464715035168965,127.10805140981626,37.46371573408134
1220005901,1050000234,밤고개로/대왕판교로/신수로,daewangpangyo_access,northbound,강남구-성남시수정구,세곡동130-2,166.88,127.10799078380238,37.46220845807877,127.10818624006492,37.463703941725086
1220005902,1050000234,밤고개로/대왕판교로/신수로,daewangpangyo_access,northbound,세곡동130-2,세곡동사거리,113.27,127.10818624006492,37.463703941725086,127.10833365294407,37.46471773764032
1220341500,1020000651,분당수서로,bundangsuseo_seoul_section,northbound,강남구-송파구,수서동하니움아파트,560.78,127.11258665551154,37.48293226501294,127.10821350842501,37.486310126817706
1220341600,1020000651,분당수서로,bundangsuseo_seoul_section,southbound,자곡IC,강남구-송파구,427.37,127.10895297877872,37.48514583968021,127.11254926063705,37.482809694451674
1230000501,1030000031,국도 3호선(이천~서울),seongnamdaero_via_route3,southbound,장지교앞,장지교앞교차로,35.27,127.1269689977646,37.47624896829891,127.12699231461359,37.4759317298926
1230000601,1030000031,국도 3호선(이천~서울),seongnamdaero_via_route3,northbound,장지교앞교차로,장지교앞,38.23,127.1271286086057,37.475926317746385,127.1271033322769,37.47627022512114
1230001301,1030000031,국도 3호선(이천~서울),seongnamdaero_via_route3,southbound,장지역사거리,장지교앞,343.65,127.12578073743892,37.47929899815459,127.12695398689624,37.4763591432306
1230001302,1030000031,국도 3호선(이천~서울),seongnamdaero_via_route3,southbound,건영아파트앞교차로,장지역사거리,371.96,127.12419171698701,37.48251857133413,127.12573150748459,37.47939993279685
1230001401,1030000031,국도 3호선(이천~서울),seongnamdaero_via_route3,northbound,장지교앞,장지역사거리,344.73,127.12708528079202,37.47639144850747,127.12590622301512,37.47934017884413
1230001402,1030000031,국도 3호선(이천~서울),seongnamdaero_via_route3,northbound,장지역사거리,건영아파트앞교차로,97.0,127.12585704268939,37.47944096549521,127.12545550296579,37.48025426050311
1230001700,1030000031,국도 3호선(이천~서울),seongnamdaero_via_route3,southbound,문정역앞교차로,건영아파트앞교차로,423.62,127.12222573356094,37.486542659818916,127.1242295670518,37.48258847561719
1230001800,1030000031,국도 3호선(이천~서울),seongnamdaero_via_route3,northbound,건영아파트앞교차로,문정역앞교차로,423.62,127.1242295670518,37.48258847561719,127.12222573356094,37.486542659818916
1230001900,1030000031,국도 3호선(이천~서울),seongnamdaero_via_route3,southbound,올림픽훼밀리타운앞교,문정역앞교차로,312.0,127.12111116376695,37.48874366704062,127.12222573356094,37.486542659818916
1230001901,1030000031,국도 3호선(이천~서울),seongnamdaero_via_route3,southbound,올림픽훼밀리타운앞교,문정동119-4,201.75,127.12107675183157,37.488667321294386,127.12193002039513,37.48698151504576
1230001902,1030000031,국도 3호선(이천~서울),seongnamdaero_via_route3,southbound,문정동119-4,문정역앞교차로,83.24,127.12198079222665,37.48688120224135,127.1223328358862,37.486185640868
1230002000,1030000031,국도 3호선(이천~서울),seongnamdaero_via_route3,northbound,문정역앞교차로,올림픽훼밀리타운앞교,312.0,127.12222573356094,37.486542659818916,127.12111116376695,37.48874366704062
1230002001,1030000031,국도 3호선(이천~서울),seongnamdaero_via_route3,northbound,문정역앞교차로,문정동119-4,87.7,127.12247754633295,37.48618878558249,127.12210662666394,37.48692164384013
1230002002,1030000031,국도 3호선(이천~서울),seongnamdaero_via_route3,northbound,문정동119-4,올림픽훼밀리타운앞교,18.15,127.12205585493561,37.48702195671583,127.1219790832276,37.48717363876464
1230002202,1030000031,국도 3호선(이천~서울),seongnamdaero_via_route3,northbound,올림픽훼밀리타운앞교,가락시장역앞교차로,96.31,127.1211449391374,37.48882122456402,127.1207351461225,37.48962524844529
1230039400,1030000031,국도 3호선(이천~서울),seongnamdaero_via_route3,northbound,송파구-성남시수정구,화훼마을,129.39,127.12660798623487,37.468323656031735,127.12669438271203,37.469487470132
1230039500,1030000031,국도 3호선(이천~서울),seongnamdaero_via_route3,southbound,화훼마을,송파구-성남시수정구,129.34,127.12655897286726,37.46949385655067,127.12647260969534,37.46833053086083
1230040300,1030000031,국도 3호선(이천~서울),seongnamdaero_via_route3,southbound,복정역앞교차로,화훼마을,129.52,127.12664847880443,37.470767434094206,127.1265673372098,37.46960228486836
1230040800,1030000031,국도 3호선(이천~서울),seongnamdaero_via_route3,northbound,화훼마을,복정역앞교차로,135.54,127.12670271437061,37.469595404141195,127.12678763082025,37.47081478698724
1230041700,1030000031,국도 3호선(이천~서울),seongnamdaero_via_route3,southbound,송파IC,복정역앞교차로,189.51,127.12680478177407,37.472603511096,127.12665815160435,37.47090003973
1230041800,1030000031,국도 3호선(이천~서울),seongnamdaero_via_route3,northbound,복정역앞교차로,장지교앞교차로,272.07,127.12679611319865,37.47092290390954,127.12698231984514,37.473369510559806
1230041900,1030000031,국도 3호선(이천~서울),seongnamdaero_via_route3,southbound,송파IC,송파IC,308.23,127.1269634698144,37.47537765803572,127.12680478177407,37.472603511096
1230042300,1030000031,국도 3호선(이천~서울),seongnamdaero_via_route3,southbound,장지교앞교차로,송파IC,49.55,127.12699343693241,37.47582347608799,127.1269634698144,37.47537765803572
1230438101,1030000031,국도 3호선(이천~서울),seongnamdaero_via_route3,southbound,버스정류장,건영아파트앞교차로,90.6,127.12392511918578,37.48337697141094,127.1242295670518,37.48258847561719
1230438201,1030000031,국도 3호선(이천~서울),seongnamdaero_via_route3,northbound,건영아파트앞교차로,버스정류장,79.87,127.12426821974904,37.48265736440866,127.12394791104686,37.48333019007423
1230438701,1030000031,국도 3호선(이천~서울),seongnamdaero_via_route3,southbound,문정역앞교차로,버스정류장,414.02,127.12238891645707,37.48607869856461,127.12414056499932,37.48261939155418
1230438801,1030000031,국도 3호선(이천~서울),seongnamdaero_via_route3,northbound,버스정류장,문정역앞교차로,123.74,127.12390232732471,37.483423752747655,127.12337109555791,37.484455190314726
2040000300,1050000234,밤고개로/대왕판교로/신수로,daewangpangyo_access,southbound,시흥사거리,한국인터넷진흥원,469.3,127.10198965860498,37.42212262824062,127.10209597137127,37.4179234736045
2040000400,1050000234,밤고개로/대왕판교로/신수로,daewangpangyo_access,northbound,한국인터넷진흥원,시흥사거리,470.47,127.10056906036394,37.413873144152916,127.10222737008942,37.41789687622981
2040000500,1050000234,밤고개로/대왕판교로/신수로,daewangpangyo_access,southbound,고등동315-2,시흥사거리,945.94,127.1019758958337,37.43002404799531,127.10205298015326,37.42563491408634
2040000503,1050000234,밤고개로/대왕판교로/신수로,daewangpangyo_access,southbound,고등동사거리,시흥동166-3,117.61,127.10181696694985,37.4280304287697,127.10209560124012,37.42699712054307
2040000504,1050000234,밤고개로/대왕판교로/신수로,daewangpangyo_access,southbound,시흥동166-3,시흥사거리,335.85,127.10230143103723,37.42551395932015,127.10196288299531,37.42250013115106
2040000505,1050000234,밤고개로/대왕판교로/신수로,daewangpangyo_access,southbound,고등동315-2,고등동424-1,74.91,127.10188009845857,37.42998590089512,127.10175138595135,37.42932076437728
2040000506,1050000234,밤고개로/대왕판교로/신수로,daewangpangyo_access,southbound,고등동424-1,고등동사거리,131.16,127.10175138595135,37.42932076437728,127.10180541594286,37.42814019709015
2040000600,1050000234,밤고개로/대왕판교로/신수로,daewangpangyo_access,northbound,시흥사거리,고등동315-2,940.73,127.10205298015326,37.42563491408634,127.1019758958337,37.43002404799531
2040000603,1050000234,밤고개로/대왕판교로/신수로,daewangpangyo_access,northbound,시흥사거리,시흥동166-3,353.42,127.10210118765909,37.42233447040257,127.1024366535519,37.42550629291202
2040000604,1050000234,밤고개로/대왕판교로/신수로,daewangpangyo_access,northbound,시흥동166-3,고등동사거리,130.85,127.10244627034346,37.42561417574643,127.10231749680997,37.42678227037514
2040000605,1050000234,밤고개로/대왕판교로/신수로,daewangpangyo_access,northbound,고등동사거리,고등동424-1,131.8,127.10194232981411,37.42813190458037,127.1018869477395,37.429318194808864
2040000606,1050000234,밤고개로/대왕판교로/신수로,daewangpangyo_access,northbound,고등동424-1,고등동315-2,59.46,127.10189158361568,37.429426566661256,127.10202016055692,37.429950527831295
2040001901,1030000031,국도 3호선(이천~서울),seongnamdaero_via_route3,southbound,태평역사거리,모란사거리,330.24,127.12773386397389,37.43966686710679,127.12826632138194,37.43672182046749
2040002001,1030000031,국도 3호선(이천~서울),seongnamdaero_via_route3,northbound,모란사거리,태평역사거리,328.33,127.12888780084815,37.43380447583001,127.12840054987558,37.43673710912341
2040002301,1030000031,국도 3호선(이천~서울),seongnamdaero_via_route3,southbound,태평고개사거리,태평역사거리,463.06,127.12693764042204,37.44390530509103,127.1277141310894,37.439779501810214
2040002401,1030000031,국도 3호선(이천~서울),seongnamdaero_via_route3,northbound,태평역사거리,태평고개사거리,459.08,127.12784355180547,37.43982219858556,127.12707295245113,37.44391250944281
2040002701,1030000031,국도 3호선(이천~서울),seongnamdaero_via_route3,southbound,성남병원앞삼거리,태평고개사거리,431.53,127.12664934596572,37.44789971480985,127.12692812994344,37.444018718738896
2040002801,1030000031,국도 3호선(이천~서울),seongnamdaero_via_route3,northbound,태평고개사거리,성남병원앞삼거리,431.27,127.12706344079177,37.44402593673124,127.12678484203191,37.44790461163756
2040002902,1010000011,경부고속도로,gyeongbu_pangyo_seoul,northbound,만남의광장휴게소,신원지하차도,99.0,127.05203073363546,37.44975663440124,127.04480819306859,37.45823958784521
2040002903,1010000011,경부고속도로,gyeongbu_pangyo_seoul,southbound,신원지하차도,원지동489-2,2332.03,127.04480819306859,37.45823958784521,127.05203073363546,37.44975663440124
2040002913,1010000011,경부고속도로,gyeongbu_pangyo_seoul,southbound,신원지하차도,신양재IC,487.06,127.04480819306859,37.45823958784521,127.04818104604612,37.45477591155402
2040002923,1010000011,경부고속도로,gyeongbu_pangyo_seoul,southbound,신양재IC,원지동489-2,2067.4,127.04818104604612,37.45477591155402,127.05203073363546,37.44975663440124
2040003901,1030000031,국도 3호선(이천~서울),seongnamdaero_via_route3,southbound,지구촌하나로교회,성남병원앞삼거리,333.96,127.1264753248048,37.454025100554965,127.12657044339451,37.451017150035156
2040003902,1030000031,국도 3호선(이천~서울),seongnamdaero_via_route3,southbound,SK주유소경원셀프,지구촌하나로교회,226.3,127.12634989403809,37.456163679518596,127.12647340452187,37.45413321975068
2040003903,1030000031,국도 3호선(이천~서울),seongnamdaero_via_route3,southbound,복정2교,SK주유소경원셀프,380.72,127.1259064893131,37.45965632100874,127.12631950952199,37.4562698185439
2040003904,1030000031,국도 3호선(이천~서울),seongnamdaero_via_route3,northbound,한국경제행정연구원,복정2교,261.53,127.12623548207037,37.46396274568202,127.12623548207037,37.46396274568202
2040003905,1030000031,국도 3호선(이천~서울),seongnamdaero_via_route3,southbound,복정동행정복지센터,한국경제행정연구원,320.31,127.1262338321883,37.46554099240073,127.12602342336524,37.4626602255467
2040003906,1030000031,국도 3호선(이천~서울),seongnamdaero_via_route3,southbound,복정3교,복정동행정복지센터,205.55,127.12640128871892,37.46749782436739,127.12624317018138,37.465650113405616
2040004001,1030000031,국도 3호선(이천~서울),seongnamdaero_via_route3,northbound,성남병원앞삼거리,지구촌하나로교회,333.83,127.1267798566241,37.44801269651592,127.12670600515177,37.45101991888822
2040004002,1030000031,국도 3호선(이천~서울),seongnamdaero_via_route3,northbound,지구촌하나로교회,SK주유소경원셀프,228.83,127.12660902920531,37.45413475134477,127.12648214104904,37.4561877391995
2040004003,1030000031,국도 3호선(이천~서울),seongnamdaero_via_route3,northbound,SK주유소경원셀프,복정2교,374.66,127.1264517605453,37.456293878320665,127.126041005369,37.45962606656086
2040004004,1030000031,국도 3호선(이천~서울),seongnamdaero_via_route3,northbound,복정2교,한국경제행정연구원,249.95,127.12604524580621,37.459734999291186,127.12613287320929,37.46198599986977
2040004005,1030000031,국도 3호선(이천~서울),seongnamdaero_via_route3,northbound,한국경제행정연구원,복정동행정복지센터,382.35,127.12613708515833,37.46209419502367,127.12636917637548,37.465533633391374
2040004006,1030000031,국도 3호선(이천~서울),seongnamdaero_via_route3,northbound,복정동행정복지센터,복정3교,207.86,127.12637851509565,37.46564275501962,127.12653841562891,37.46751125655011
2040004900,1030000031,국도 3호선(이천~서울),seongnamdaero_via_route3,southbound,송파구-성남시수정구,복정3교,80.38,127.12647260969534,37.46833053086083,127.1264107250957,37.46760795844129
2040005000,1030000031,국도 3호선(이천~서울),seongnamdaero_via_route3,northbound,복정3교,송파구-성남시수정구,78.2,127.12654779499742,37.46762074598776,127.12660798623487,37.468323656031735
2040009200,1050000234,밤고개로/대왕판교로/신수로,daewangpangyo_access,southbound,대왕판교로지하차도,고등동315-2,364.67,127.1037196622581,37.43650643873585,127.10320570385981,37.43324809295195
2040009300,1050000234,밤고개로/대왕판교로/신수로,daewangpangyo_access,northbound,고등동315-2,대왕판교로지하차도,367.37,127.10206558033498,37.43006351376387,127.10333465710052,37.4332151000599
2040010000,1050000234,밤고개로/대왕판교로/신수로,daewangpangyo_access,southbound,대왕판교로지하차도,대왕판교로지하차도,354.53,127.10352173625367,37.43968711137745,127.1037196622581,37.43650643873585
2040010100,1050000234,밤고개로/대왕판교로/신수로,daewangpangyo_access,northbound,대왕판교로지하차도,대왕판교로지하차도,356.39,127.10385470262183,37.436497231572986,127.10365700667971,37.43969456576484
2040011200,1050000234,밤고개로/대왕판교로/신수로,daewangpangyo_access,southbound,강남구-성남시수정구,대왕판교로지하차도,2545.58,127.10792333940606,37.46221403756341,127.10622185237486,37.452697167349015
2040011202,1050000234,밤고개로/대왕판교로/신수로,daewangpangyo_access,southbound,서울공항정문사거리,대왕판교로지하차도,331.12,127.10492123892321,37.44845775366855,127.10385740477626,37.44560352717218
2040011204,1050000234,밤고개로/대왕판교로/신수로,daewangpangyo_access,southbound,오야동223-2,서울공항정문사거리,307.64,127.10663989422903,37.45394005927632,127.10602415802913,37.45121533296373
2040011206,1050000234,밤고개로/대왕판교로/신수로,daewangpangyo_access,southbound,오야동227-1,오야동223-2,88.15,127.10678460781808,37.45485063959714,127.10665938903072,37.45406272775777
2040011207,1050000234,밤고개로/대왕판교로/신수로,daewangpangyo_access,southbound,강남구-성남시수정구,신촌동119-2,249.22,127.10785589500972,37.46221961704806,127.10756618655289,37.45998602454361
2040011208,1050000234,밤고개로/대왕판교로/신수로,daewangpangyo_access,southbound,신촌동119-2,오야동227-1,275.05,127.10755217638015,37.45987800480524,127.10719239930054,37.457416523919115
2040011300,1050000234,밤고개로/대왕판교로/신수로,daewangpangyo_access,northbound,대왕판교로지하차도,강남구-성남시수정구,2543.44,127.10622185237486,37.452697167349015,127.10792333940606,37.46221403756341
2040011301,1050000234,밤고개로/대왕판교로/신수로,daewangpangyo_access,northbound,대왕판교로지하차도,서울공항정문사거리,328.9,127.10365700667971,37.43969456576484,127.10355481210964,37.44265418559925
2040011303,1050000234,밤고개로/대왕판교로/신수로,daewangpangyo_access,northbound,서울공항정문사거리,오야동223-2,314.46,127.10507780638153,37.44848907432007,127.10615556588169,37.45118853141623
2040011305,1050000234,밤고개로/대왕판교로/신수로,daewangpangyo_access,northbound,오야동223-2,오야동227-1,88.15,127.10679394646546,37.45404913680685,127.10691916777249,37.454837048389024
2040011307,1050000234,밤고개로/대왕판교로/신수로,daewangpangyo_access,northbound,오야동227-1,신촌동119-2,275.05,127.106936219097,37.45494433669138,127.10732695768594,37.45740293384965
2040011308,1050000234,밤고개로/대왕판교로/신수로,daewangpangyo_access,northbound,신촌동119-2,강남구-성남시수정구,249.22,127.10770108336015,37.45997490677052,127.10799078380238,37.46220845807877
2040014000,1020000651,분당수서로,bundangsuseo_pangyo_section,northbound,태평지하차도,태평지하차도,339.73,127.12408625498897,37.444789612426675,127.1252679851133,37.44770151288585
2040014100,1020000651,분당수서로,bundangsuseo_pangyo_section,southbound,태평지하차도,태평지하차도,339.07,127.12519266661357,37.447715795561145,127.12399002758903,37.44481617247871
2040017400,1020000651,분당수서로,bundangsuseo_seoul_section,southbound,속성변화점,태평지하차도,733.5,127.12486998569,37.46753928968517,127.12499276370731,37.460955569562785
2040017500,1020000651,분당수서로,bundangsuseo_pangyo_section,northbound,태평지하차도,속성변화점,737.55,127.1252679851133,37.44770151288585,127.12530461252517,37.454322312171
2040049100,1020000651,분당수서로,bundangsuseo_seoul_section,northbound,속성변화점,송파구-성남시수정구,29.3,127.12505442388908,37.467575212558344,127.1249455545056,37.46782451172173
2040054900,1050000234,밤고개로/대왕판교로/신수로,daewangpangyo_access,northbound,속성변화점,대왕판교로지하차도,163.5,127.10389945159986,37.43823870536397,127.10365700667971,37.43969456576484
2040055000,1050000234,밤고개로/대왕판교로/신수로,daewangpangyo_access,northbound,대왕판교로지하차도,속성변화점,195.06,127.10385470262183,37.436497231572986,127.10389945159986,37.43823870536397
2040055100,1050000234,밤고개로/대왕판교로/신수로,daewangpangyo_access,southbound,속성변화점,대왕판교로지하차도,190.52,127.10362954194065,37.43821258514615,127.1037196622581,37.43650643873585
2040055200,1050000234,밤고개로/대왕판교로/신수로,daewangpangyo_access,southbound,대왕판교로지하차도,속성변화점,164.74,127.10352173625367,37.43968711137745,127.10362954194065,37.43821258514615
2040057700,1050000234,밤고개로/대왕판교로/신수로,daewangpangyo_access,northbound,화랑지하차도,금토동삼거리,333.81,127.10261052846083,37.40562474120347,127.10027696050703,37.407851311234815
2040057800,1050000234,밤고개로/대왕판교로/신수로,daewangpangyo_access,southbound,금토동삼거리,화랑지하차도,342.92,127.09938675871165,37.410824510664575,127.10014658416266,37.40782173135536
2040370400,1010000011,경부고속도로,gyeongbu_pangyo_seoul,southbound,금토JC,금토JC,479.47,127.08239668461579,37.41781232086199,127.08378876392186,37.41401263000809
2040371100,1010000011,경부고속도로,gyeongbu_pangyo_seoul,southbound,금토JC,판교JC남측,2229.54,127.08244927181093,37.41784642804898,127.09830604668028,37.40221851679067
2040371200,1010000011,경부고속도로,gyeongbu_pangyo_seoul,northbound,판교JC남측,금토JC,2230.9,127.09830604668028,37.40221851679067,127.08244927181093,37.41784642804898
2040376300,1010000011,경부고속도로,gyeongbu_pangyo_seoul,northbound,금토JC,금토JC,984.36,127.08390554621462,37.41395773529193,127.08250185900607,37.41788053523597
2040388600,1010000011,경부고속도로,gyeongbu_pangyo_seoul,southbound,금토JC,대왕판교IC,514.9,127.08239668461579,37.41781232086199,127.0860511882085,37.41420304255216
2040388700,1010000011,경부고속도로,gyeongbu_pangyo_seoul,northbound,대왕판교IC,금토JC,514.94,127.0898110788603,37.41066129648413,127.08615664425083,37.41427097323065
2040389100,1010000011,경부고속도로,gyeongbu_pangyo_seoul,southbound,대왕판교IC,판교JC남측,600.77,127.08970591516378,37.410593082569775,127.09395520996236,37.40637270218536
2040389500,1010000011,경부고속도로,gyeongbu_pangyo_seoul,northbound,판교JC남측,대왕판교IC,600.86,127.09840965710806,37.40228328532088,127.09411060726336,37.40647237022843
2040411000,1050000234,밤고개로/대왕판교로/신수로,daewangpangyo_access,northbound,금토동삼거리,광명터널,142.96,127.09955503900846,37.410947333968146,127.09986532944825,37.412211431603346
2040411100,1050000234,밤고개로/대왕판교로/신수로,daewangpangyo_access,southbound,광명터널,금토동삼거리,132.58,127.09970978900017,37.412140391675074,127.09942200674121,37.41096811124072
2040411200,1050000234,밤고개로/대왕판교로/신수로,daewangpangyo_access,northbound,광명터널,한국인터넷진흥원,194.92,127.09986532944825,37.412211431603346,127.10056906036394,37.413873144152916
2040411300,1050000234,밤고개로/대왕판교로/신수로,daewangpangyo_access,southbound,한국인터넷진흥원,광명터널,189.89,127.10044154841589,37.41390983658249,127.09974720978371,37.41229283851598
2040411800,1020000651,분당수서로,bundangsuseo_pangyo_section,northbound,탄천교,탄천교,264.21,127.11798544996394,37.41736856889001,127.11918650016761,37.41953640680333
2040411900,1020000651,분당수서로,bundangsuseo_pangyo_section,southbound,탄천교,탄천교,268.78,127.11903399384283,37.41960114845267,127.11781773579955,37.41739436850607
2040412000,1010000011,경부고속도로,gyeongbu_pangyo_seoul,northbound,금토JC,서초구-성남시수정구,907.98,127.08250185900607,37.41788053523597,127.07607054294449,37.424253517548166
2040412100,1010000011,경부고속도로,gyeongbu_pangyo_seoul,southbound,서초구-성남시수정구,금토JC,907.84,127.06961394006717,37.430610362455795,127.08244927181093,37.41784642804898
2040414000,1020000651,분당수서로,bundangsuseo_pangyo_section,southbound,수진2동,단대천교,516.88,127.12116967579072,37.43250555682971,127.12139988718175,37.43176568262995
2040414100,1020000651,분당수서로,bundangsuseo_pangyo_section,northbound,탄천IC,수진동4715,267.37,127.12285121324483,37.43279828219054,127.12190619973406,37.434931776099056
2040414200,1020000651,분당수서로,bundangsuseo_pangyo_section,northbound,수진동4715,태평지하차도,611.06,127.12190619973406,37.434931776099056,127.12240920265442,37.440419865637814
2040414300,1020000651,분당수서로,bundangsuseo_pangyo_section,southbound,탄천IC,단대천교,456.52,127.12181901117451,37.43586543243586,127.12139988718175,37.43176568262995
2040414400,1020000651,분당수서로,bundangsuseo_pangyo_section,southbound,탄천IC,탄천IC,446.14,127.12181901117451,37.43586543243586,127.11978193964987,37.43249649750018
2040415900,1020000651,분당수서로,bundangsuseo_pangyo_section,southbound,태평지하차도,탄천IC,509.85,127.12399002758903,37.44481617247871,127.12226932362447,37.440441779804885
2040421501,1010000011,경부고속도로,gyeongbu_pangyo_seoul,southbound,대왕판교IC,-,400.6,127.08970591516378,37.410593082569775,127.09271081166202,37.40848412548688
2040421601,1010000011,경부고속도로,gyeongbu_pangyo_seoul,northbound,-,대왕판교IC,346.52,127.09268451604807,37.40864515563653,127.0898110788603,37.41066129648413
2040421701,1010000011,경부고속도로,gyeongbu_pangyo_seoul,northbound,-,대왕판교TG,54.55,127.09271081166202,37.40848412548688,127.09330138913599,37.40862416432428
2040421801,1010000011,경부고속도로,gyeongbu_pangyo_seoul,southbound,대왕판교TG,-,52.6,127.09326301079682,37.40874872219187,127.09268451604807,37.40864515563653
2040421901,1010000011,경부고속도로,gyeongbu_pangyo_seoul,northbound,대왕판교TG,-,66.91,127.09330138913599,37.40862416432428,127.09404041444269,37.408728841118254
2040422001,1010000011,경부고속도로,gyeongbu_pangyo_seoul,southbound,-,대왕판교TG,70.82,127.09405044946789,37.40883465467871,127.09326301079682,37.40874872219187
2040422101,1010000011,경부고속도로,gyeongbu_pangyo_seoul,southbound,-,대왕판교IC앞,42.18,127.09404041444269,37.408728841118254,127.09446013112901,37.40856590698938
2040422201,1010000011,경부고속도로,gyeongbu_pangyo_seoul,northbound,대왕판교IC앞,-,57.33,127.09461047650043,37.40860035285849,127.09405044946789,37.40883465467871
2050003300,1030000031,국도 3호선(이천~서울),seongnamdaero_via_route3,southbound,여수사거리,성남IC,114.75,127.12655300646328,37.427435439055074,127.12525686131724,37.42741736873317
2050003400,1030000031,국도 3호선(이천~서울),seongnamdaero_via_route3,northbound,성남IC,여수사거리,114.46,127.12526342291177,37.427309368626496,127.12655632693051,37.42732840624759
2050004100,1030000031,국도 3호선(이천~서울),seongnamdaero_via_route3,southbound,여수교차로,여수사거리,127.22,127.12946896454628,37.42853810342069,127.1265546666969,37.427381922651335
2050004200,1030000031,국도 3호선(이천~서울),seongnamdaero_via_route3,northbound,여수사거리,여수교차로,128.28,127.1265546666969,37.427381922651335,127.12946896454628,37.42853810342069
2050004901,1030000031,국도 3호선(이천~서울),seongnamdaero_via_route3,southbound,모란시장사거리,여수교차로,149.28,127.12930416274669,37.429946353785205,127.12938659029504,37.42860624784047
2050005001,1030000031,국도 3호선(이천~서울),seongnamdaero_via_route3,northbound,여수교차로,모란시장사거리,143.77,127.12957285863533,37.42859280702371,127.12944930713674,37.42987921057548
2050005301,1030000031,국도 3호선(이천~서울),seongnamdaero_via_route3,southbound,모란삼거리,모란시장사거리,317.67,127.129049070716,37.432854882108174,127.12705562974267,37.42988459131031
2050005401,1030000031,국도 3호선(이천~서울),seongnamdaero_via_route3,northbound,모란시장사거리,모란삼거리,309.76,127.12943004948319,37.43002574353145,127.12905723778353,37.4328008368048
2050006100,1030000031,국도 3호선(이천~서울),seongnamdaero_via_route3,northbound,모란삼거리,모란사거리,76.18,127.12904090364846,37.43290892741155,127.1289237484286,37.4335888934839
2050006200,1030000031,국도 3호선(이천~서울),seongnamdaero_via_route3,southbound,모란사거리,모란삼거리,389.98,127.12879413061663,37.43354690849167,127.12928976242809,37.43005573354582
2050008100,1020000651,분당수서로,bundangsuseo_pangyo_section,northbound,탄천교,탄천IC,252.19,127.11918650016761,37.41953640680333,127.12035876630539,37.421604764730034
2050008200,1020000651,분당수서로,bundangsuseo_pangyo_section,southbound,단대천교,탄천교,189.77,127.12139988718175,37.43176568262995,127.12125871588567,37.43005955189248
2050017000,1020000651,분당수서로,bundangsuseo_pangyo_section,northbound,탄천IC,수진동4715,431.09,127.12149901254932,37.431061588994694,127.12190619973406,37.434931776099056
2050019200,1020000651,분당수서로,bundangsuseo_pangyo_section,southbound,탄천IC,단대천교,456.52,127.12181901117451,37.43586543243586,127.12139988718175,37.43176568262995
2050028700,1020000651,분당수서로,bundangsuseo_pangyo_section,northbound,수진동4715,태평지하차도,1118.99,127.12190619973406,37.434931776099056,127.12403814128899,37.44480289245269
2050029000,1020000651,분당수서로,bundangsuseo_pangyo_section,southbound,태평지하차도,탄천IC,1019.7,127.12403814128899,37.44480289245269,127.12181901117451,37.43586543243586
2050055500,1030000031,국도 3호선(이천~서울),seongnamdaero_via_route3,southbound,세영금속,여수사거리,288.45,127.13212913419596,37.427528938558396,127.1265546666969,37.427381922651335
2060000100,1050000234,밤고개로/대왕판교로/신수로,sinsu_south,southbound,동천고가차도교차로,성남시분당구-용인시수,316.76,127.10209564466871,37.34276907351414,127.10263371210196,37.33998032974182
2060000200,1050000234,밤고개로/대왕판교로/신수로,sinsu_south,northbound,성남시분당구-용인시수,동천고가차도교차로,324.45,127.10276911086147,37.3399825047849,127.1023514762178,37.34284044391056
2060000301,1050000234,밤고개로/대왕판교로/신수로,sinsu_south,southbound,종원교,동천고가차도교차로,27.29,127.10194480512499,37.34310892704559,127.10204780445808,37.342877196968885
2060000302,1050000234,밤고개로/대왕판교로/신수로,sinsu_south,southbound,종원교,종원교,68.08,127.10170192810384,37.343690329514324,127.10194480512499,37.34310892704559
2060000303,1050000234,밤고개로/대왕판교로/신수로,sinsu_south,southbound,동원동삼거리,종원교,112.97,127.10150898207189,37.3446936656339,127.10170192810384,37.343690329514324
2060000401,1050000234,밤고개로/대왕판교로/신수로,sinsu_south,northbound,동천고가차도교차로,종원교,27.29,127.10230305286615,37.34294951681054,127.10220005296586,37.34318125101888
2060000402,1050000234,밤고개로/대왕판교로/신수로,sinsu_south,northbound,종원교,종원교,65.55,127.10220005296586,37.34318125101888,127.1019652907984,37.34374085275086
2060000403,1050000234,밤고개로/대왕판교로/신수로,sinsu_south,northbound,종원교,동원동삼거리,108.77,127.1019652907984,37.34374085275086,127.10177934238703,37.34470677334734
2060000500,1050000234,밤고개로/대왕판교로/신수로,sinsu_south,southbound,금곡IC남측,동원동삼거리,196.61,127.10155571552082,37.34656296993462,127.10150390026976,37.34480184211915
2060000600,1050000234,밤고개로/대왕판교로/신수로,sinsu_south,northbound,동원동삼거리,금곡IC남측,197.6,127.10177474958445,37.3447989679959,127.10168659193054,37.346566396186404
2060000700,1050000234,밤고개로/대왕판교로/신수로,sinsu_south,southbound,금곡동351-1,금곡IC남측,345.83,127.10158866377859,37.35291245136914,127.10160603646304,37.34979655745362
2060000800,1050000234,밤고개로/대왕판교로/신수로,sinsu_south,northbound,금곡IC남측,금곡동351-1,345.91,127.10168493527507,37.346680101332815,127.10174147230867,37.34979612412449
2060001101,1010000011,경부고속도로,gyeongbu_pangyo_seoul,northbound,서울TG,판교IC남측,917.59,127.10341517378441,37.36466384595183,127.10342044150927,37.37293152980458
2060001201,1010000011,경부고속도로,gyeongbu_pangyo_seoul,southbound,판교IC남측,서울TG,282.06,127.10165984941,37.39111289214914,127.10219524716784,37.388607666049616
2060001501,1050000234,밤고개로/대왕판교로/신수로,sinsu_south,southbound,하이패스센터,금곡동351-1,1854.0,127.10183142389228,37.37317536379647,127.10162783589033,37.359633720794456
2060001502,1050000234,밤고개로/대왕판교로/신수로,sinsu_south,southbound,궁백교회,하이패스센터,217.32,127.10171301545371,37.3716280044845,127.10160379950175,37.369672556901925
2060001503,1050000234,밤고개로/대왕판교로/신수로,daewangpangyo_access,southbound,백현고가도로,궁백교회,886.37,127.10228276424743,37.379634185213334,127.10183142389228,37.37317536379647
2060001504,1050000234,밤고개로/대왕판교로/신수로,sinsu_south,southbound,하이패스센터,궁내동198-37,362.12,127.10159454580132,37.36956466939153,127.10151751476126,37.36630334066996
2060001505,1050000234,밤고개로/대왕판교로/신수로,sinsu_south,southbound,궁내동198-37,금곡동351-1,371.36,127.10154660381163,37.362939557240125,127.10166680386273,37.35959514305772
2060001506,1050000234,밤고개로/대왕판교로/신수로,daewangpangyo_access,southbound,백현고가도로,백현동472-195,150.0,127.10220865493429,37.37963479084651,127.10199847925944,37.37829400898333
2060001507,1050000234,밤고개로/대왕판교로/신수로,daewangpangyo_access,southbound,백현동472-195,궁백교회,358.81,127.10196104764577,37.37818834112687,127.10171581263505,37.37496889594254
2060001601,1050000234,밤고개로/대왕판교로/신수로,sinsu_south,northbound,금곡동351-1,하이패스센터,1853.0,127.10162783589033,37.359633720794456,127.10183142389228,37.37317536379647
2060001602,1050000234,밤고개로/대왕판교로/신수로,sinsu_south,northbound,하이패스센터,궁백교회,217.97,127.10173898333449,37.36966519474955,127.10184848324722,37.371626490270025
2060001603,1050000234,밤고개로/대왕판교로/신수로,daewangpangyo_access,northbound,궁백교회,백현고가도로,887.74,127.10183142389228,37.37317536379647,127.10228276424743,37.379634185213334
2060001604,1050000234,밤고개로/대왕판교로/신수로,sinsu_south,northbound,금곡동351-1,궁내동198-37,371.06,127.10172409473061,37.3529128054746,127.10175851227753,37.356255971806405
2060001605,1050000234,밤고개로/대왕판교로/신수로,sinsu_south,northbound,궁내동198-37,하이패스센터,361.24,127.10168052505325,37.36304897671102,127.10165298537095,37.36630377960029
2060001606,1050000234,밤고개로/대왕판교로/신수로,sinsu_south,northbound,궁백교회,백현동472-195,358.9,127.10185037874129,37.37173461519271,127.10185129777142,37.37496827427007
2060001607,1050000234,밤고개로/대왕판교로/신수로,daewangpangyo_access,northbound,백현동472-195,백현고가도로,151.72,127.10213270086727,37.378279300151554,127.10235687356058,37.37963357958015
2060004301,1050000234,밤고개로/대왕판교로/신수로,daewangpangyo_access,southbound,백현고가도로,백현1교차로,235.18,127.10242088400972,37.38378171171288,127.10213283470662,37.381681827144114
2060004302,1050000234,밤고개로/대왕판교로/신수로,daewangpangyo_access,southbound,판교파출소삼거리,백현고가도로,255.61,127.1015354528315,37.388310213260475,127.1021832211282,37.38607006708298
2060004401,1050000234,밤고개로/대왕판교로/신수로,daewangpangyo_access,northbound,백현1교차로,백현고가도로,239.88,127.10242256928836,37.38162343830372,127.10257883195415,37.38377458235094
2060004402,1050000234,밤고개로/대왕판교로/신수로,daewangpangyo_access,northbound,백현고가도로,판교파출소삼거리,258.77,127.10257883195415,37.38377458235094,127.10236251751915,37.38609164634227
2060007300,1010000011,경부고속도로,gyeongbu_pangyo_seoul,northbound,판교IC남측,판교IC,56.7,127.10188341527378,37.39113954462188,127.10180173431858,37.39164626443296
2060007400,1010000011,경부고속도로,gyeongbu_pangyo_seoul,southbound,판교IC,판교IC남측,146.76,127.10132254246112,37.393395835366285,127.10150394308786,37.39208167867377
2060010200,1010000011,경부고속도로,gyeongbu_pangyo_seoul,southbound,판교JC남측,판교IC,510.67,127.09820243625248,37.40215374826045,127.10045100909919,37.39802815563915
2060010300,1010000011,경부고속도로,gyeongbu_pangyo_seoul,northbound,판교IC,판교JC남측,519.59,127.10145768655788,37.39341492165472,127.10061788137041,37.39804830543415
2060010600,1010000011,경부고속도로,gyeongbu_pangyo_seoul,northbound,판교JC남측,판교JC,588.26,127.09840965710806,37.40228328532088,127.09813323667805,37.40683050515034
2060011002,1050000234,밤고개로/대왕판교로/신수로,daewangpangyo_access,northbound,광명터널,금토동삼거리,145.71,127.09979450327444,37.41201879473635,127.09979450327444,37.41201879473635
2060011003,1050000234,밤고개로/대왕판교로/신수로,daewangpangyo_access,northbound,한국인터넷진흥원,광명터널,196.75,127.09979450327444,37.41201879473635,127.09979450327444,37.41201879473635
2060011102,1050000234,밤고개로/대왕판교로/신수로,daewangpangyo_access,northbound,금토동삼거리,광명터널,145.71,127.09979450327444,37.41201879473635,127.09979450327444,37.41201879473635
2060011103,1050000234,밤고개로/대왕판교로/신수로,daewangpangyo_access,northbound,광명터널,한국인터넷진흥원,194.91,127.09979450327444,37.41201879473635,127.09979450327444,37.41201879473635
2060011401,1010000011,경부고속도로,gyeongbu_pangyo_seoul,southbound,원지동489-2,판교JC남측,5268.91,127.05203073363546,37.44975663440124,127.09830604668028,37.40221851679067
2060011501,1010000011,경부고속도로,gyeongbu_pangyo_seoul,northbound,판교JC남측,원지동489-2,5270.58,127.09830604668028,37.40221851679067,127.05203073363546,37.44975663440124
2060013800,1020000651,분당수서로,bundangsuseo_south_section,northbound,농수산물센터사거리,대게전문점,458.77,127.10892015612355,37.33586971113074,127.10480053326498,37.33836188326225
2060013900,1020000651,분당수서로,bundangsuseo_south_section,southbound,대게전문점,농수산물센터사거리,453.28,127.10472681705602,37.33827119576623,127.10879823751159,37.33581003810864
2060016400,1020000651,분당수서로,bundangsuseo_south_section,southbound,오리유통센터,대게전문점,152.58,127.10441144202424,37.33964050970534,127.10461203661563,37.33833485362833
2060016500,1020000651,분당수서로,bundangsuseo_south_section,northbound,대게전문점,오리유통센터,141.69,127.10470044431213,37.33841675813007,127.1045468480604,37.33964138233104
2060017200,1020000651,분당수서로,bundangsuseo_south_section,southbound,경기고속삼거리,오리유통센터,313.71,127.10439824138427,37.342575197447545,127.10441037067649,37.33974866812268
2060017300,1020000651,분당수서로,bundangsuseo_south_section,northbound,오리유통센터,경기고속삼거리,313.85,127.10454577676103,37.33974950580667,127.1045336172352,37.34257729369653
2060021800,1020000651,분당수서로,bundangsuseo_south_section,southbound,속성변화점,경기고속삼거리,178.56,127.10416239724024,37.34427276847809,127.10439505001972,37.342682380543025
2060021900,1020000651,분당수서로,bundangsuseo_south_section,northbound,경기고속삼거리,속성변화점,181.62,127.10453043149447,37.34268540446122,127.10442997290029,37.34430622609016
2060022000,1020000651,분당수서로,bundangsuseo_south_section,southbound,티맥스타워,경기고속삼거리,594.56,127.10426654082697,37.353384138895535,127.10398952022273,37.348036818611256
2060022100,1020000651,분당수서로,bundangsuseo_south_section,northbound,경기고속삼거리,티맥스타워,596.35,127.10453043149447,37.34268540446122,127.10412309966009,37.3480189675394
2060033600,1020000651,분당수서로,bundangsuseo_south_section,southbound,티맥스타워,금곡육교,362.23,127.10426654082697,37.353384138895535,127.1041330820626,37.350130495177694
2060033700,1020000651,분당수서로,bundangsuseo_south_section,northbound,금곡육교,티맥스타워,361.93,127.10440396311354,37.35012977747981,127.10440195173112,37.353382395188554
2060037000,1020000651,분당수서로,bundangsuseo_south_section,northbound,티맥스타워,신세계빌라,343.47,127.10440248485624,37.35349066594201,127.10436513871288,37.35658527463075
2060037100,1020000651,분당수서로,bundangsuseo_south_section,southbound,신세계빌라,티맥스타워,343.47,127.10424636088764,37.35658476165961,127.10426733680055,37.35349008227264
2060038000,1020000651,분당수서로,bundangsuseo_south_section,northbound,신세계빌라,GS주유소금곡,352.53,127.10436390243117,37.35669340045199,127.10432960116323,37.359869650700595
2060038100,1020000651,분당수서로,bundangsuseo_south_section,southbound,GS주유소금곡,신세계빌라,352.53,127.10421107079743,37.359868834443695,127.10424540108345,37.3566925843869
2060038200,1020000651,분당수서로,bundangsuseo_south_section,southbound,정자지하차도,신세계빌라,530.64,127.10465155217184,37.36618932070741,127.10413674273603,37.36145269394638
2060038300,1020000651,분당수서로,bundangsuseo_south_section,northbound,신세계빌라,정자지하차도,529.23,127.10436390243117,37.35669340045199,127.10443989803608,37.36144752742192
2060040200,1020000651,분당수서로,bundangsuseo_south_section,northbound,GS주유소금곡,분당정자로서단,385.56,127.1043284323387,37.35997777421622,127.10459989624387,37.36343609254805
2060040300,1020000651,분당수서로,bundangsuseo_south_section,southbound,분당정자로서단,GS주유소금곡,387.23,127.10448864350104,37.363451381406364,127.10421067819813,37.35997803525481
2060048600,1020000651,분당수서로,bundangsuseo_south_section,northbound,분당정자로서단,정자지하차도,297.27,127.10462299914397,37.36354318268334,127.1047634720097,37.366200927962446
2060048700,1020000651,분당수서로,bundangsuseo_south_section,southbound,정자지하차도,분당정자로서단,294.28,127.10465155217184,37.36618932070741,127.10451174125255,37.363558452544325
2060055200,1020000651,분당수서로,bundangsuseo_south_section,northbound,정자지하차도,신한은행백궁지점,257.17,127.10466079002477,37.36648219773811,127.10426102577661,37.36849204443211
2060055201,1020000651,분당수서로,bundangsuseo_south_section,northbound,정자지하차도,정자동94-10,42.17,127.1047634720097,37.366200927962446,127.10470215733497,37.36657773767467
2060055202,1020000651,분당수서로,bundangsuseo_south_section,northbound,정자동94-10,신한은행백궁지점,197.53,127.10468464774623,37.36668534031615,127.10432350366592,37.36844066831828
2060055300,1020000651,분당수서로,bundangsuseo_south_section,southbound,신한은행백궁지점,정자지하차도,258.6,127.10426102577661,37.36849204443211,127.10466079002477,37.36648219773811
2060055301,1020000651,분당수서로,bundangsuseo_south_section,southbound,신한은행백궁지점,정자동94-10,197.87,127.10421110940389,37.36843211409298,127.10457269739352,37.36667373085617
2060055302,1020000651,분당수서로,bundangsuseo_south_section,southbound,정자동94-10,정자지하차도,42.17,127.10459021349243,37.366566128911806,127.10465155217184,37.36618932070741
2060061200,1020000651,분당수서로,bundangsuseo_south_section,northbound,신한은행백궁지점,백현지하차도,165.05,127.1043111677505,37.36854875931018,127.10427299639304,37.37003555275753
2060061300,1020000651,분당수서로,bundangsuseo_south_section,southbound,백현지하차도,신한은행백궁지점,165.36,127.1041699849707,37.370036095743075,127.10419832228614,37.368546636007
2060071700,1020000651,분당수서로,bundangsuseo_pangyo_section,southbound,궁내교,백현지하차도,263.9,127.10408726579357,37.37240511415078,127.1041699849707,37.370036095743075
2060071800,1020000651,분당수서로,bundangsuseo_pangyo_section,northbound,백현지하차도,궁내교,263.76,127.10427299639304,37.37003555275753,127.10433467543187,37.37240566414455
2060071900,1020000651,분당수서로,bundangsuseo_pangyo_section,southbound,백현지하차도,백현지하차도,760.1,127.1116248589353,37.38144703927021,127.10601839663131,37.37634328051285
2060072000,1020000651,분당수서로,bundangsuseo_pangyo_section,northbound,백현지하차도,백현지하차도,751.31,127.10427299639304,37.37003555275753,127.10607825111886,37.376272240173385
2060081000,1020000651,분당수서로,bundangsuseo_pangyo_section,southbound,백현사거리,궁내교,829.71,127.10881278087736,37.378400052649695,127.10408686616547,37.372513236410484
2060081100,1020000651,분당수서로,bundangsuseo_pangyo_section,northbound,궁내교,백현사거리,812.15,127.10433477555569,37.372513862057936,127.10897712254533,37.37826562132084
2060097400,1020000651,분당수서로,bundangsuseo_pangyo_section,northbound,백현사거리,백현지하차도,412.97,127.10906618652612,37.37834771937019,127.1117082975933,37.381398705811506
2060097500,1020000651,분당수서로,bundangsuseo_pangyo_section,southbound,백현지하차도,백현사거리,409.64,127.1116248589353,37.38144703927021,127.10890404785452,37.37847999911128
2060104600,1020000651,분당수서로,bundangsuseo_pangyo_section,northbound,백현지하차도,초림지하차도,156.82,127.1116665782643,37.38142287254086,127.11273184775133,37.38256462945121
2060104700,1020000651,분당수서로,bundangsuseo_pangyo_section,southbound,초림지하차도,백현지하차도,158.83,127.11273184775133,37.38256462945121,127.1116665782643,37.38142287254086
2060107600,1020000651,분당수서로,bundangsuseo_pangyo_section,southbound,수내사거리,초림지하차도,195.02,127.11389542119561,37.38405413896573,127.11268029252864,37.38259643935654
2060107700,1020000651,분당수서로,bundangsuseo_pangyo_section,northbound,초림지하차도,수내사거리,189.01,127.11278340297403,37.38253281954589,127.11404519861009,37.383898832087105
2060107800,1020000651,분당수서로,bundangsuseo_pangyo_section,southbound,초림지하차도,초림지하차도,353.33,127.11497910604804,37.38519805299484,127.11268029252864,37.38259643935654
2060107900,1020000651,분당수서로,bundangsuseo_pangyo_section,northbound,초림지하차도,초림지하차도,353.81,127.11278340297403,37.38253281954589,127.11509537872145,37.385132390184175
2060112000,1020000651,분당수서로,bundangsuseo_pangyo_section,northbound,수내사거리,초림지하차도,154.2,127.11411982308324,37.3839857689538,127.11509537872145,37.385132390184175
2060112100,1020000651,분당수서로,bundangsuseo_pangyo_section,southbound,초림지하차도,수내사거리,148.38,127.11497910604804,37.38519805299484,127.11396872738443,37.38413795011572
2060114800,1020000651,분당수서로,bundangsuseo_pangyo_section,northbound,초림지하차도,서현지하차도,39.41,127.11509537872145,37.385132390184175,127.11534302241901,37.385427470312756
2060114900,1020000651,분당수서로,bundangsuseo_pangyo_section,southbound,서현지하차도,초림지하차도,39.35,127.11523363550664,37.38548870711678,127.11497910604804,37.38519805299484
2060115400,1020000651,분당수서로,bundangsuseo_pangyo_section,southbound,서현교사거리,서현지하차도,188.58,127.11640946540739,37.38687313838873,127.11523363550664,37.38548870711678
2060115500,1020000651,분당수서로,bundangsuseo_pangyo_section,northbound,서현지하차도,서현교사거리,179.72,127.11534302241901,37.385427470312756,127.11656497588321,37.38670121888763
2060115600,1020000651,분당수서로,bundangsuseo_pangyo_section,southbound,서현지하차도,서현지하차도,429.27,127.1181322092855,37.38858871864032,127.11523363550664,37.38548870711678
2060115700,1020000651,분당수서로,bundangsuseo_pangyo_section,northbound,서현지하차도,서현지하차도,428.63,127.11534302241901,37.385427470312756,127.11825314667821,37.38851252427496
2060120000,1020000651,분당수서로,bundangsuseo_pangyo_section,northbound,서현교사거리,서현지하차도,240.68,127.1166469038488,37.386790242187644,127.11825314667821,37.38851252427496
2060120100,1020000651,분당수서로,bundangsuseo_pangyo_section,southbound,서현지하차도,서현교사거리,236.78,127.1181322092855,37.38858871864032,127.11646252014766,37.38693138114797
2060123200,1020000651,분당수서로,bundangsuseo_pangyo_section,northbound,서현지하차도,매송지하차도,99.44,127.11825314667821,37.38851252427496,127.11892141421049,37.38923248561859
2060123300,1020000651,분당수서로,bundangsuseo_pangyo_section,southbound,매송지하차도,서현지하차도,98.6,127.11881662461973,37.38928950311282,127.1181322092855,37.38858871864032
2060124800,1020000651,분당수서로,bundangsuseo_pangyo_section,southbound,매송사거리,매송지하차도,264.89,127.1200828293793,37.39144226217358,127.11881662461973,37.38928950311282
2060124900,1020000651,분당수서로,bundangsuseo_pangyo_section,northbound,매송지하차도,매송사거리,263.32,127.11892141421049,37.38923248561859,127.12031511329936,37.39130772701461
2060125000,1020000651,분당수서로,bundangsuseo_pangyo_section,southbound,매송지하차도,매송지하차도,685.62,127.12043249317107,37.39516833582854,127.11881662461973,37.38928950311282
2060125100,1020000651,분당수서로,bundangsuseo_pangyo_section,northbound,매송지하차도,매송지하차도,692.08,127.11892141421049,37.38923248561859,127.12050012098301,37.395172835803706
2060127800,1020000651,분당수서로,bundangsuseo_pangyo_section,northbound,매송사거리,매송지하차도,364.11,127.12035788979894,37.39141568976988,127.12063960790736,37.39466765086002
2060127900,1020000651,분당수서로,bundangsuseo_pangyo_section,southbound,매송지하차도,매송사거리,345.39,127.1204142637069,37.39465428487794,127.12012111649219,37.39157355125323
2060130600,1020000651,분당수서로,bundangsuseo_pangyo_section,northbound,매송지하차도,매송지하차도,46.08,127.12062877051817,37.394775748741736,127.12050012098301,37.395172835803706
2060130700,1020000651,분당수서로,bundangsuseo_pangyo_section,southbound,매송지하차도,매송지하차도,45.49,127.12043249317107,37.39516833582854,127.12040418736149,37.394762428857064
2060131000,1020000651,분당수서로,bundangsuseo_pangyo_section,northbound,매송지하차도,방아교입구,375.96,127.12050012098301,37.395172835803706,127.12010495107651,37.39854348112786
2060131100,1020000651,분당수서로,bundangsuseo_pangyo_section,southbound,방아교입구,매송지하차도,375.67,127.12002911085601,37.398536621557106,127.12043249317107,37.39516833582854
2060131400,1020000651,분당수서로,bundangsuseo_pangyo_section,northbound,방아교입구,매송2교,72.18,127.12010495107651,37.39854348112786,127.1200146640021,37.3991898659309
2060131500,1020000651,분당수서로,bundangsuseo_pangyo_section,southbound,매송2교,방아교입구,73.22,127.11993434243162,37.39919197314984,127.12002911085601,37.398536621557106
2060134000,1020000651,분당수서로,bundangsuseo_pangyo_section,southbound,벌말지하차도,매송2교,444.11,127.11938947645122,37.40316980213081,127.11993434243162,37.39919197314984
2060134100,1020000651,분당수서로,bundangsuseo_pangyo_section,northbound,매송2교,벌말지하차도,433.07,127.11999952248921,37.399298461823534,127.11948097334343,37.403178018627464
2060135600,1020000651,분당수서로,bundangsuseo_pangyo_section,southbound,벌말사거리,벌말지하차도,246.78,127.11899740857457,37.405365138667456,127.11938947645122,37.40316980213081
2060135700,1020000651,분당수서로,bundangsuseo_pangyo_section,northbound,벌말지하차도,벌말사거리,247.98,127.11948097334343,37.403178018627464,127.11925125739218,37.40539872521215
2060135800,1020000651,분당수서로,bundangsuseo_pangyo_section,southbound,벌말지하차도,벌말지하차도,597.76,127.11860936167892,37.4085195510379,127.11938947645122,37.40316980213081
2060135900,1020000651,분당수서로,bundangsuseo_pangyo_section,northbound,벌말지하차도,벌말지하차도,597.68,127.11948097334343,37.403178018627464,127.11876272604717,37.40853264332699
2060141600,1020000651,분당수서로,bundangsuseo_pangyo_section,northbound,벌말사거리,벌말지하차도삼거리,313.66,127.11923473035208,37.4055071365616,127.11885972997734,37.40831738146272
2060141700,1020000651,분당수서로,bundangsuseo_pangyo_section,southbound,벌말지하차도삼거리,벌말사거리,315.25,127.11857163079013,37.4082927797665,127.11898066119136,37.40547116282646
2060149400,1020000651,분당수서로,bundangsuseo_pangyo_section,northbound,벌말지하차도삼거리,벌말지하차도,13.94,127.11884339891587,37.408424742711006,127.11876272604717,37.40853264332699
2060150000,1020000651,분당수서로,bundangsuseo_pangyo_section,southbound,탄천교,벌말지하차도,990.52,127.11781773579955,37.41739436850607,127.11860936167892,37.4085195510379
2060150100,1020000651,분당수서로,bundangsuseo_pangyo_section,northbound,벌말지하차도,탄천교,986.22,127.11876272604717,37.40853264332699,127.11798544996394,37.41736856889001
2060174600,1020000651,분당수서로,bundangsuseo_pangyo_section,southbound,탄천교,탄천교,269.04,127.11911024700522,37.419568777628,127.11790159288174,37.41738146869804
2060174700,1020000651,분당수서로,bundangsuseo_pangyo_section,northbound,탄천교,탄천교,264.47,127.11790159288174,37.41738146869804,127.11911024700522,37.419568777628
2060179600,1050000234,밤고개로/대왕판교로/신수로,daewangpangyo_access,northbound,판교파출소삼거리,화랑지하차도,292.05,127.10166238481273,37.388467233079,127.10203833030559,37.39104881526595
2060179700,1050000234,밤고개로/대왕판교로/신수로,daewangpangyo_access,southbound,화랑지하차도,판교파출소삼거리,312.97,127.1039783036206,37.39328403870432,127.10177359198414,37.39113316581718
2060179800,1050000234,밤고개로/대왕판교로/신수로,daewangpangyo_access,northbound,화랑공원삼거리,판교테크노2사거리,400.73,127.10707938325596,37.396260764651956,127.10663557111026,37.399811042011386
2060179900,1050000234,밤고개로/대왕판교로/신수로,daewangpangyo_access,southbound,화랑지하차도,판교테크노중앙사거리,336.0,127.10256151548892,37.40556169920228,127.10412259350429,37.40418209955939
2060179901,1050000234,밤고개로/대왕판교로/신수로,daewangpangyo_access,southbound,화랑지하차도,삼평동668-1,73.17,127.102512502517,37.4054986572011,127.10314506746839,37.405079041103605
2060179902,1050000234,밤고개로/대왕판교로/신수로,daewangpangyo_access,southbound,삼평동668-1,판교테크노중앙사거리,238.27,127.10323889485302,37.40501522484074,127.10477891736163,37.40328027863568
2060181000,1050000234,밤고개로/대왕판교로/신수로,daewangpangyo_access,northbound,판교테크노중앙사거리,화랑지하차도,349.33,127.10412259350429,37.40418209955939,127.10256151548892,37.40556169920228
2060181001,1050000234,밤고개로/대왕판교로/신수로,daewangpangyo_access,northbound,판교테크노중앙사거리,삼평동668-1,260.35,127.10507604781404,37.40328199867343,127.10344038039896,37.40519791515434
2060181002,1050000234,밤고개로/대왕판교로/신수로,daewangpangyo_access,northbound,삼평동668-1,화랑지하차도,76.57,127.10333776457199,37.40526903245653,127.10261052846083,37.40562474120347
2060181100,1050000234,밤고개로/대왕판교로/신수로,daewangpangyo_access,southbound,판교테크노중앙사거리,판교테크노2사거리,387.43,127.10483696172523,37.40316521430989,127.10631848134172,37.399880581409874
2060181600,1050000234,밤고개로/대왕판교로/신수로,daewangpangyo_access,southbound,판교테크노2사거리,화랑공원삼거리,399.36,127.10635075258651,37.39981156155937,127.10684210813027,37.3962911044676
2060181700,1050000234,밤고개로/대왕판교로/신수로,daewangpangyo_access,northbound,판교테크노2사거리,판교테크노중앙사거리,387.87,127.10660486500568,37.39987822131116,127.10512671384109,37.403168091300955
2060182600,1050000234,밤고개로/대왕판교로/신수로,daewangpangyo_access,northbound,판교IC앞사거리,화랑공원삼거리,239.19,127.10582658233217,37.39428680571352,127.10706216132564,37.396186654619314
2060183100,1050000234,밤고개로/대왕판교로/신수로,daewangpangyo_access,southbound,동판교로사거리,느티나무사거리,328.12,127.11677043620972,37.391965261669775,127.11307070497469,37.391801776533676
2060183801,1050000234,밤고개로/대왕판교로/신수로,daewangpangyo_access,southbound,판교IC앞사거리,판교IC고가차도,274.13,127.10558987538141,37.39409108860369,127.1081792612667,37.39274845958208
2060183802,1050000234,밤고개로/대왕판교로/신수로,daewangpangyo_access,southbound,판교IC고가차도,느티나무사거리,443.79,127.1081792612667,37.39274845958208,127.11281774852083,37.391641236222405
2060183900,1050000234,밤고개로/대왕판교로/신수로,daewangpangyo_access,northbound,느티나무사거리,동판교로사거리,328.0,127.11307089924001,37.39165049091671,127.11676921764072,37.391813912264205
2060184001,1050000234,밤고개로/대왕판교로/신수로,daewangpangyo_access,northbound,판교IC고가차도,판교IC앞사거리,269.01,127.10829271180582,37.39288172287884,127.10582658233217,37.39428680571352
2060184002,1050000234,밤고개로/대왕판교로/신수로,daewangpangyo_access,northbound,느티나무사거리,판교IC고가차도,433.11,127.11281758802825,37.3917937265748,127.10829271180582,37.39288172287884
2060185200,1050000234,밤고개로/대왕판교로/신수로,daewangpangyo_access,northbound,화랑지하차도,판교IC앞사거리,163.51,127.10417020191353,37.39314978246868,127.10558987538141,37.39409108860369
2060185300,1050000234,밤고개로/대왕판교로/신수로,daewangpangyo_access,southbound,화랑공원삼거리,판교IC앞사거리,232.57,127.10683117107264,37.39624065971509,127.10564049676044,37.39438925928449
2060186500,1050000234,밤고개로/대왕판교로/신수로,daewangpangyo_access,southbound,판교IC앞사거리,화랑지하차도,148.64,127.10539855238645,37.39419568831243,127.10409370566555,37.39335343378073
2060200300,1050000234,밤고개로/대왕판교로/신수로,daewangpangyo_access,northbound,백현고가도로,백현고가도로,460.59,127.10235687356058,37.37963357958015,127.10257883195415,37.38377458235094
2060200400,1050000234,밤고개로/대왕판교로/신수로,daewangpangyo_access,southbound,백현고가도로,백현고가도로,461.27,127.10242088400972,37.38378171171288,127.10220865493429,37.37963479084651
2060200500,1050000234,밤고개로/대왕판교로/신수로,daewangpangyo_access,southbound,백현1교차로,백현고가도로,211.3,127.1021189842207,37.38152873279576,127.10220865493429,37.37963479084651
2060200600,1050000234,밤고개로/대왕판교로/신수로,daewangpangyo_access,northbound,백현고가도로,백현1교차로,205.27,127.10235687356058,37.37963357958015,127.10240877100016,37.38147653732544
2060201300,1050000234,밤고개로/대왕판교로/신수로,daewangpangyo_access,northbound,판교파출소삼거리,화랑지하차도,425.38,127.10166238481273,37.388467233079,127.10270617882203,37.39209583635571
2060201400,1050000234,밤고개로/대왕판교로/신수로,daewangpangyo_access,southbound,화랑지하차도,판교파출소삼거리,436.01,127.102512502517,37.4054986572011,127.1052623358751,37.402358209510524
2060206400,1050000234,밤고개로/대왕판교로/신수로,daewangpangyo_access,northbound,매송사거리,동판교로사거리,296.95,127.12012111649219,37.39157355125323,127.11687051955434,37.39197019858001
2060206500,1050000234,밤고개로/대왕판교로/신수로,daewangpangyo_access,southbound,동판교로사거리,매송사거리,292.96,127.11687039466393,37.391818765359126,127.1200828293793,37.39144226217358
2060330600,1010000011,경부고속도로,gyeongbu_pangyo_seoul,southbound,판교동560-12,판교IC남측,388.68,127.1012147658188,37.39159255113681,127.10165984941,37.39111289214914
2060358000,1010000011,경부고속도로,gyeongbu_pangyo_seoul,southbound,화랑지하차도,판교동560-12,312.17,127.1039783036206,37.39328403870432,127.1012147658188,37.39159255113681
2060358100,1020000651,분당수서로,bundangsuseo_south_section,northbound,성남시분당구-용인시수,구미동197-14,739.1,127.1039634172415,37.338459087279,127.10399654846748,37.34511841391448
2060358200,1020000651,분당수서로,bundangsuseo_south_section,southbound,구미동197-14,성남시분당구-용인시수,738.68,127.10381827558228,37.34511506067519,127.1038280039455,37.338459723777476
2060358300,1010000011,경부고속도로,gyeongbu_pangyo_south,northbound,성남시분당구-용인시수,서울TG,401.56,127.10356709757743,37.3394976078618,127.10352529573368,37.3431156598618
2060358400,1010000011,경부고속도로,gyeongbu_pangyo_seoul,southbound,서울TG,성남시분당구-용인시수,797.24,127.10318939225584,37.36466377270125,127.10321459968858,37.357480469876286
2440217100,1020000651,분당수서로,bundangsuseo_south_section,northbound,삼성르노자동차삼거리,풍덕천제2고가교북측,433.95,127.10489209983312,37.321796426308445,127.10409049368047,37.32558553555121
2440217200,1020000651,분당수서로,bundangsuseo_south_section,southbound,풍덕천제2고가교북측,삼성르노자동차삼거리,434.37,127.10395530686986,37.325589857737185,127.10476375952797,37.32179687603449
2450088800,1050000234,밤고개로/대왕판교로/신수로,sinsu_south,northbound,풍덕천사거리,풍덕천보도육교삼거리,254.75,127.10313481418926,37.32430401439808,127.10295969446707,37.32658835349687
2450088900,1050000234,밤고개로/대왕판교로/신수로,sinsu_south,southbound,풍덕천보도육교삼거리,풍덕천사거리,263.9,127.10282657086701,37.32658740855121,127.10286850613838,37.324221597035326
2450093100,1020000651,분당수서로,bundangsuseo_south_section,northbound,풍덕천제2고가교북측,죽전지하차도,512.89,127.10409049368047,37.32558553555121,127.10402094541926,37.33020453135302
2450093200,1020000651,분당수서로,bundangsuseo_south_section,southbound,죽전지하차도,풍덕천제2고가교북측,512.83,127.10388562516123,37.33020827387466,127.10395530686986,37.325589857737185
2450096400,1050000234,밤고개로/대왕판교로/신수로,sinsu_south,northbound,풍덕천보도육교삼거리,풍덕천동869,176.09,127.10295749707433,37.3266979871291,127.10291131469198,37.328284221038146
2450096500,1050000234,밤고개로/대왕판교로/신수로,sinsu_south,southbound,풍덕천동869,풍덕천보도육교삼거리,110.2,127.10279323021962,37.3276881837219,127.10282212224828,37.32669547358207
2450099600,1050000234,밤고개로/대왕판교로/신수로,sinsu_south,northbound,풍덕천동869,풍덕천동831,173.86,127.10279165684221,37.327742243353086,127.10274615404019,37.32930564741736
2450099700,1050000234,밤고개로/대왕판교로/신수로,sinsu_south,southbound,풍덕천동831,풍덕천동869,161.56,127.10274772778374,37.32925157754851,127.10279008346482,37.327796302984275
2450104800,1050000234,밤고개로/대왕판교로/신수로,sinsu_south,northbound,풍덕천동831,훼미리주유소삼거리,175.01,127.10274615404019,37.32930564741736,127.1027695429376,37.3308836368398
2450104900,1050000234,밤고개로/대왕판교로/신수로,sinsu_south,southbound,훼미리주유소삼거리,풍덕천동831,43.29,127.10270291868842,37.33082912381554,127.102713809147,37.330439122216006
2450106800,1020000651,분당수서로,bundangsuseo_south_section,northbound,죽전지하차도,죽전지하차도,663.31,127.10402094541926,37.33020453135302,127.1039466001848,37.336178487185315
2450106900,1020000651,분당수서로,bundangsuseo_south_section,southbound,죽전지하차도,죽전지하차도,662.97,127.10381118960547,37.336179123763785,127.10388562516123,37.33020827387466
2450109000,1050000234,밤고개로/대왕판교로/신수로,sinsu_south,northbound,훼미리주유소삼거리,KT수지지사앞삼거리,244.5,127.10283618118483,37.33093663975276,127.1028599322302,37.333139522396344
2450109100,1050000234,밤고개로/대왕판교로/신수로,sinsu_south,southbound,KT수지지사앞삼거리,훼미리주유소삼거리,244.29,127.10272452829946,37.33313822764401,127.1027007794437,37.33093725214031
2450116800,1050000234,밤고개로/대왕판교로/신수로,sinsu_south,northbound,KT수지지사앞삼거리,조달청품질관리단앞삼,316.4,127.1028582397602,37.33324776253609,127.10281408019871,37.336098384973326
2450116900,1050000234,밤고개로/대왕판교로/신수로,sinsu_south,southbound,조달청품질관리단앞삼,KT수지지사앞삼거리,316.73,127.10267868036644,37.336099976120096,127.10272283325554,37.33324635489027
2450124000,1050000234,밤고개로/대왕판교로/신수로,sinsu_south,northbound,조달청품질관리단앞삼,만당주유소삼거리,311.6,127.10281451706925,37.336209073620324,127.1027817456281,37.33901652571225
2450124100,1050000234,밤고개로/대왕판교로/신수로,sinsu_south,southbound,만당주유소삼거리,조달청품질관리단앞삼,311.6,127.10264634042379,37.33901562022378,127.10267911159298,37.33620811604934
2450124200,1020000651,분당수서로,bundangsuseo_south_section,northbound,죽전지하차도,성남시분당구-용인시수,253.11,127.1039466001848,37.336178487185315,127.1039634172415,37.338459087279
2450124300,1020000651,분당수서로,bundangsuseo_south_section,southbound,성남시분당구-용인시수,죽전지하차도,253.11,127.1038280039455,37.338459723777476,127.10381118960547,37.336179123763785
2450127600,1050000234,밤고개로/대왕판교로/신수로,sinsu_south,northbound,만당주유소삼거리,성남시분당구-용인시수,95.3,127.10278049434879,37.339123898915055,127.10276911086147,37.3399825047849
2450127700,1050000234,밤고개로/대왕판교로/신수로,sinsu_south,southbound,성남시분당구-용인시수,만당주유소삼거리,95.18,127.10263371210196,37.33998032974182,127.1026466421584,37.33912276749667
